	alpha1	alpha2	specular1	eta2	k2	bsdf1	bsdf2
0	0.4975	0.396755142742	0.126206896552	0.083393910193	-100	Mitsuba-Ward	Mitsuba-Pbr-AS
1	0.0339705882353	0.0339111738157	0.106896551724	0.106792997837	-100	Mitsuba-Ward	Mitsuba-Pbr-AS
2	0.671323529412	0.474782253647	0.0972413793103	0.051225471092	-100	Mitsuba-Ward	Mitsuba-Pbr-AS
3	0.468529411765	0.381168622498	0.0393103448276	0.0269555182677	-100	Mitsuba-Ward	Mitsuba-Pbr-AS
4	0.961029411765	0.562056380778	0.145517241379	0.0531426092835	-100	Mitsuba-Ward	Mitsuba-Pbr-AS
5	0.410588235294	0.347297416818	0.135862068966	0.100138689978	-100	Mitsuba-Ward	Mitsuba-Pbr-AS
6	0.149852941176	0.145824086517	0.0296551724138	0.0282459236827	-100	Mitsuba-Ward	Mitsuba-Pbr-AS
7	0.729264705882	0.49579309826	0.0586206896552	0.0286383815402	-100	Mitsuba-Ward	Mitsuba-Pbr-AS
8	0.178823529412	0.172107468649	0.203448275862	0.189966889871	-100	Mitsuba-Ward	Mitsuba-Pbr-AS
9	0.294705882353	0.267835334381	0.174482758621	0.146783405835	-100	Mitsuba-Ward	Mitsuba-Pbr-AS
10	0.671323529412	0.47478221228	0.213103448276	0.112260056323	-100	Mitsuba-Ward	Mitsuba-Pbr-AS
11	0.874117647059	0.540044580406	0.0489655172414	0.0198949851753	-100	Mitsuba-Ward	Mitsuba-Pbr-AS
12	0.932058823529	0.555005167283	0.0972413793103	0.0367825537609	-100	Mitsuba-Ward	Mitsuba-Pbr-AS
13	0.005	0.00549367847501	0.0489655172414	0.0588468806581	-100	Mitsuba-Ward	Mitsuba-Pbr-AS
14	0.758235294118	0.505527266704	0.164827586207	0.0775672594911	-100	Mitsuba-Ward	Mitsuba-Pbr-AS
15	0.99	0.568903601351	0.155172413793	0.0547378610962	-100	Mitsuba-Ward	Mitsuba-Pbr-AS
16	0.236764705882	0.221959232224	0.193793103448	0.172528455974	-100	Mitsuba-Ward	Mitsuba-Pbr-AS
17	0.178823529412	0.172107458349	0.0296551724138	0.0276903066966	-100	Mitsuba-Ward	Mitsuba-Pbr-AS
18	0.758235294118	0.505527239779	0.0586206896552	0.0275871712749	-100	Mitsuba-Ward	Mitsuba-Pbr-AS
19	0.932058823529	0.555005177693	0.145517241379	0.055043227249	-100	Mitsuba-Ward	Mitsuba-Pbr-AS
20	0.584411764706	0.438877482404	0.232413793103	0.137182332797	-100	Mitsuba-Ward	Mitsuba-Pbr-AS
21	0.613382352941	0.45148112509	0.135862068966	0.0772081785982	-100	Mitsuba-Ward	Mitsuba-Pbr-AS
22	0.005	0.00544297220973	0.232413793103	0.273260081014	-100	Mitsuba-Ward	Mitsuba-Pbr-AS
23	0.207794117647	0.197506547871	0.116551724138	0.106397413826	-100	Mitsuba-Ward	Mitsuba-Pbr-AS
24	0.323676470588	0.289225536319	0.126206896552	0.102926477746	-100	Mitsuba-Ward	Mitsuba-Pbr-AS
25	0.584411764706	0.438877483864	0.126206896552	0.0744936545311	-100	Mitsuba-Ward	Mitsuba-Pbr-AS
26	0.410588235294	0.347297415699	0.164827586207	0.1214880518	-100	Mitsuba-Ward	Mitsuba-Pbr-AS
27	0.149852941176	0.145824092731	0.106896551724	0.101814332201	-100	Mitsuba-Ward	Mitsuba-Pbr-AS
28	0.352647058824	0.309587032318	0.164827586207	0.130121163134	-100	Mitsuba-Ward	Mitsuba-Pbr-AS
29	0.4975	0.396755169301	0.135862068966	0.0897737604242	-100	Mitsuba-Ward	Mitsuba-Pbr-AS
30	0.903088235294	0.547700084892	0.213103448276	0.0835282060783	-100	Mitsuba-Ward	Mitsuba-Pbr-AS
31	0.613382352941	0.451481148609	0.02	0.01136569011	-100	Mitsuba-Ward	Mitsuba-Pbr-AS
32	0.642352941176	0.463436342578	0.126206896552	0.0690512188937	-100	Mitsuba-Ward	Mitsuba-Pbr-AS
33	0.120882352941	0.118733000165	0.203448275862	0.197055040846	-100	Mitsuba-Ward	Mitsuba-Pbr-AS
34	0.149852941176	0.145824072078	0.116551724138	0.111010292809	-100	Mitsuba-Ward	Mitsuba-Pbr-AS
35	0.613382352941	0.451481120606	0.116551724138	0.0662344292497	-100	Mitsuba-Ward	Mitsuba-Pbr-AS
36	0.526470588235	0.411558304549	0.116551724138	0.0741891062751	-100	Mitsuba-Ward	Mitsuba-Pbr-AS
37	0.439558823529	0.364698308124	0.0489655172414	0.0348233779002	-100	Mitsuba-Ward	Mitsuba-Pbr-AS
38	0.816176470588	0.523613387081	0.0875862068966	0.0382758446039	-100	Mitsuba-Ward	Mitsuba-Pbr-AS
39	0.613382352941	0.451481120291	0.22275862069	0.126590053659	-100	Mitsuba-Ward	Mitsuba-Pbr-AS
40	0.149852941176	0.145824382643	0.232413793103	0.221359548409	-100	Mitsuba-Ward	Mitsuba-Pbr-AS
41	0.120882352941	0.118733040211	0.174482758621	0.169000629108	-100	Mitsuba-Ward	Mitsuba-Pbr-AS
42	0.787205882353	0.514790753328	0.203448275862	0.0922491144539	-100	Mitsuba-Ward	Mitsuba-Pbr-AS
43	0.352647058824	0.309587046978	0.068275862069	0.053899797619	-100	Mitsuba-Ward	Mitsuba-Pbr-AS
44	0.816176470588	0.523613435893	0.203448275862	0.0889080015059	-100	Mitsuba-Ward	Mitsuba-Pbr-AS
45	0.410588235294	0.347297420156	0.174482758621	0.128604510311	-100	Mitsuba-Ward	Mitsuba-Pbr-AS
46	0.265735294118	0.245410565955	0.232413793103	0.20133361628	-100	Mitsuba-Ward	Mitsuba-Pbr-AS
47	0.149852941176	0.145824083914	0.135862068966	0.129401947231	-100	Mitsuba-Ward	Mitsuba-Pbr-AS
48	0.439558823529	0.364698280211	0.0393103448276	0.0279570657795	-100	Mitsuba-Ward	Mitsuba-Pbr-AS
49	0.0339705882353	0.0339106687541	0.116551724138	0.116436289652	-100	Mitsuba-Ward	Mitsuba-Pbr-AS
50	0.961029411765	0.562056344991	0.126206896552	0.0460905322355	-100	Mitsuba-Ward	Mitsuba-Pbr-AS
51	0.294705882353	0.267835303451	0.232413793103	0.195517870013	-100	Mitsuba-Ward	Mitsuba-Pbr-AS
52	0.265735294118	0.245410575453	0.126206896552	0.109329567655	-100	Mitsuba-Ward	Mitsuba-Pbr-AS
53	0.207794117647	0.197506548518	0.0972413793103	0.0887694539119	-100	Mitsuba-Ward	Mitsuba-Pbr-AS
54	0.381617647059	0.328936413767	0.203448275862	0.155272982456	-100	Mitsuba-Ward	Mitsuba-Pbr-AS
55	0.149852941176	0.145824142305	0.145517241379	0.138597480009	-100	Mitsuba-Ward	Mitsuba-Pbr-AS
56	0.236764705882	0.22195924345	0.116551724138	0.103762678611	-100	Mitsuba-Ward	Mitsuba-Pbr-AS
57	0.613382352941	0.451481126903	0.0393103448276	0.0223394880406	-100	Mitsuba-Ward	Mitsuba-Pbr-AS
58	0.758235294118	0.505527265735	0.184137931034	0.0866546361315	-100	Mitsuba-Ward	Mitsuba-Pbr-AS
59	0.555441176471	0.425584268047	0.135862068966	0.0832848936607	-100	Mitsuba-Ward	Mitsuba-Pbr-AS
60	0.265735294118	0.245410572104	0.116551724138	0.100965565561	-100	Mitsuba-Ward	Mitsuba-Pbr-AS
61	0.468529411765	0.381168627318	0.155172413793	0.106402899059	-100	Mitsuba-Ward	Mitsuba-Pbr-AS
62	0.294705882353	0.26783531212	0.145517241379	0.122416226283	-100	Mitsuba-Ward	Mitsuba-Pbr-AS
63	0.787205882353	0.514790583493	0.0586206896552	0.0265807730853	-100	Mitsuba-Ward	Mitsuba-Pbr-AS
64	0.903088235294	0.547700138292	0.135862068966	0.0532527176733	-100	Mitsuba-Ward	Mitsuba-Pbr-AS
65	0.352647058824	0.3095870226	0.126206896552	0.0996324987341	-100	Mitsuba-Ward	Mitsuba-Pbr-AS
66	0.642352941176	0.46343632119	0.174482758621	0.0954642606146	-100	Mitsuba-Ward	Mitsuba-Pbr-AS
67	0.294705882353	0.267835305193	0.184137931034	0.154905842383	-100	Mitsuba-Ward	Mitsuba-Pbr-AS
68	0.323676470588	0.289225480889	0.106896551724	0.0871785064766	-100	Mitsuba-Ward	Mitsuba-Pbr-AS
69	0.671323529412	0.47478212841	0.22275862069	0.117346345648	-100	Mitsuba-Ward	Mitsuba-Pbr-AS
70	0.439558823529	0.364698319862	0.184137931034	0.130955456498	-100	Mitsuba-Ward	Mitsuba-Pbr-AS
71	0.005	0.00550055233735	0.0972413793103	0.116649537896	-100	Mitsuba-Ward	Mitsuba-Pbr-AS
72	0.642352941176	0.46343632427	0.0779310344828	0.0426382581611	-100	Mitsuba-Ward	Mitsuba-Pbr-AS
73	0.4975	0.396755177047	0.0296551724138	0.0195952953363	-100	Mitsuba-Ward	Mitsuba-Pbr-AS
74	0.120882352941	0.118732973674	0.0393103448276	0.0380762307902	-100	Mitsuba-Ward	Mitsuba-Pbr-AS
75	0.526470588235	0.411558318878	0.0779310344828	0.0496057319094	-100	Mitsuba-Ward	Mitsuba-Pbr-AS
76	0.439558823529	0.364698291268	0.106896551724	0.0760228733242	-100	Mitsuba-Ward	Mitsuba-Pbr-AS
77	0.903088235294	0.547700091206	0.232413793103	0.0910970302095	-100	Mitsuba-Ward	Mitsuba-Pbr-AS
78	0.294705882353	0.267835297304	0.155172413793	0.130538662583	-100	Mitsuba-Ward	Mitsuba-Pbr-AS
79	0.700294117647	0.485556003658	0.068275862069	0.0346336547692	-100	Mitsuba-Ward	Mitsuba-Pbr-AS
80	0.0339705882353	0.0339112864575	0.232413793103	0.232189406436	-100	Mitsuba-Ward	Mitsuba-Pbr-AS
81	0.120882352941	0.118733112395	0.0972413793103	0.0941876139863	-100	Mitsuba-Ward	Mitsuba-Pbr-AS
82	0.584411764706	0.43887747742	0.0296551724138	0.0175039742053	-100	Mitsuba-Ward	Mitsuba-Pbr-AS
83	0.0919117647059	0.0909512642044	0.145517241379	0.142863719407	-100	Mitsuba-Ward	Mitsuba-Pbr-AS
84	0.4975	0.396755129758	0.164827586207	0.108913366815	-100	Mitsuba-Ward	Mitsuba-Pbr-AS
85	0.005	0.00549342618969	0.0586206896552	0.0704620720045	-100	Mitsuba-Ward	Mitsuba-Pbr-AS
86	0.0919117647059	0.0909512986132	0.0972413793103	0.0954683562569	-100	Mitsuba-Ward	Mitsuba-Pbr-AS
87	0.932058823529	0.55500534939	0.0393103448276	0.0148696010848	-100	Mitsuba-Ward	Mitsuba-Pbr-AS
88	0.555441176471	0.425584282261	0.164827586207	0.101041067454	-100	Mitsuba-Ward	Mitsuba-Pbr-AS
89	0.671323529412	0.474782183799	0.145517241379	0.0766565778114	-100	Mitsuba-Ward	Mitsuba-Pbr-AS
90	0.005	0.00549759121047	0.135862068966	0.162111679546	-100	Mitsuba-Ward	Mitsuba-Pbr-AS
91	0.961029411765	0.562056374107	0.0972413793103	0.0355123550701	-100	Mitsuba-Ward	Mitsuba-Pbr-AS
92	0.787205882353	0.514790804329	0.174482758621	0.079115322677	-100	Mitsuba-Ward	Mitsuba-Pbr-AS
93	0.0339705882353	0.0339113896327	0.0296551724138	0.029626482177	-100	Mitsuba-Ward	Mitsuba-Pbr-AS
94	0.4975	0.39675519682	0.184137931034	0.121673062979	-100	Mitsuba-Ward	Mitsuba-Pbr-AS
95	0.352647058824	0.309587077893	0.174482758621	0.137743177712	-100	Mitsuba-Ward	Mitsuba-Pbr-AS
96	0.526470588235	0.411558312774	0.068275862069	0.0434599209621	-100	Mitsuba-Ward	Mitsuba-Pbr-AS
97	0.0919117647059	0.0909511535468	0.232413793103	0.228174716848	-100	Mitsuba-Ward	Mitsuba-Pbr-AS
98	0.178823529412	0.172107482256	0.0489655172414	0.0457210421597	-100	Mitsuba-Ward	Mitsuba-Pbr-AS
99	0.642352941176	0.463436330041	0.0875862068966	0.0479208172115	-100	Mitsuba-Ward	Mitsuba-Pbr-AS
100	0.700294117647	0.485555942739	0.184137931034	0.0934055721987	-100	Mitsuba-Ward	Mitsuba-Pbr-AS
101	0.555441176471	0.425584276078	0.0489655172414	0.0300164408058	-100	Mitsuba-Ward	Mitsuba-Pbr-AS
102	0.294705882353	0.26783527922	0.203448275862	0.171150721929	-100	Mitsuba-Ward	Mitsuba-Pbr-AS
103	0.468529411765	0.381168589845	0.145517241379	0.0997823546428	-100	Mitsuba-Ward	Mitsuba-Pbr-AS
104	0.0919117647059	0.0909512438343	0.164827586207	0.161821804055	-100	Mitsuba-Ward	Mitsuba-Pbr-AS
105	0.005	0.00549193946235	0.0779310344828	0.0934858794088	-100	Mitsuba-Ward	Mitsuba-Pbr-AS
106	0.178823529412	0.172107469925	0.116551724138	0.108828485076	-100	Mitsuba-Ward	Mitsuba-Pbr-AS
107	0.4975	0.396755188349	0.193793103448	0.128052926365	-100	Mitsuba-Ward	Mitsuba-Pbr-AS
108	0.787205882353	0.514790807023	0.0972413793103	0.0440919854313	-100	Mitsuba-Ward	Mitsuba-Pbr-AS
109	0.294705882353	0.267835280354	0.0393103448276	0.0330701101482	-100	Mitsuba-Ward	Mitsuba-Pbr-AS
110	0.439558823529	0.364698227622	0.126206896552	0.0897561321177	-100	Mitsuba-Ward	Mitsuba-Pbr-AS
111	0.0629411764706	0.062632218377	0.145517241379	0.144339053806	-100	Mitsuba-Ward	Mitsuba-Pbr-AS
112	0.555441176471	0.425584234949	0.22275862069	0.136553402633	-100	Mitsuba-Ward	Mitsuba-Pbr-AS
113	0.410588235294	0.347297399187	0.126206896552	0.0930222859141	-100	Mitsuba-Ward	Mitsuba-Pbr-AS
114	0.700294117647	0.485556022811	0.02	0.0101453980327	-100	Mitsuba-Ward	Mitsuba-Pbr-AS
115	0.613382352941	0.45148114867	0.0489655172414	0.0278263200914	-100	Mitsuba-Ward	Mitsuba-Pbr-AS
116	0.0919117647059	0.0909512717539	0.126206896552	0.123905593227	-100	Mitsuba-Ward	Mitsuba-Pbr-AS
117	0.613382352941	0.451481119918	0.145517241379	0.0826950971137	-100	Mitsuba-Ward	Mitsuba-Pbr-AS
118	0.613382352941	0.451481102987	0.164827586207	0.0936688072425	-100	Mitsuba-Ward	Mitsuba-Pbr-AS
119	0.787205882353	0.514790750072	0.126206896552	0.0572258332645	-100	Mitsuba-Ward	Mitsuba-Pbr-AS
120	0.381617647059	0.328936354771	0.164827586207	0.125797545676	-100	Mitsuba-Ward	Mitsuba-Pbr-AS
121	0.4975	0.396755130803	0.02	0.0132154303351	-100	Mitsuba-Ward	Mitsuba-Pbr-AS
122	0.120882352941	0.118733146212	0.106896551724	0.103539313617	-100	Mitsuba-Ward	Mitsuba-Pbr-AS
123	0.178823529412	0.172107495607	0.164827586207	0.153905359942	-100	Mitsuba-Ward	Mitsuba-Pbr-AS
124	0.0339705882353	0.033911882948	0.193793103448	0.193606726249	-100	Mitsuba-Ward	Mitsuba-Pbr-AS
125	0.729264705882	0.495793061084	0.193793103448	0.0946744621276	-100	Mitsuba-Ward	Mitsuba-Pbr-AS
126	0.555441176471	0.425584276394	0.0875862068966	0.0536912805622	-100	Mitsuba-Ward	Mitsuba-Pbr-AS
127	0.352647058824	0.309587020389	0.0489655172414	0.0386556179346	-100	Mitsuba-Ward	Mitsuba-Pbr-AS
128	0.555441176471	0.42558428821	0.0296551724138	0.0181789407482	-100	Mitsuba-Ward	Mitsuba-Pbr-AS
129	0.265735294118	0.245410571042	0.164827586207	0.142785560036	-100	Mitsuba-Ward	Mitsuba-Pbr-AS
130	0.526470588235	0.411558308058	0.0972413793103	0.0618974202083	-100	Mitsuba-Ward	Mitsuba-Pbr-AS
131	0.323676470588	0.289225542838	0.116551724138	0.0950523163848	-100	Mitsuba-Ward	Mitsuba-Pbr-AS
132	0.178823529412	0.172107465981	0.0972413793103	0.0907977237796	-100	Mitsuba-Ward	Mitsuba-Pbr-AS
133	0.149852941176	0.145824321854	0.193793103448	0.184576105441	-100	Mitsuba-Ward	Mitsuba-Pbr-AS
134	0.932058823529	0.555005074121	0.213103448276	0.0806082297849	-100	Mitsuba-Ward	Mitsuba-Pbr-AS
135	0.903088235294	0.547700204737	0.155172413793	0.0608215496249	-100	Mitsuba-Ward	Mitsuba-Pbr-AS
136	0.874117647059	0.5400443948	0.22275862069	0.0905066872129	-100	Mitsuba-Ward	Mitsuba-Pbr-AS
137	0.787205882353	0.51479081125	0.0779310344828	0.0353361344038	-100	Mitsuba-Ward	Mitsuba-Pbr-AS
138	0.410588235294	0.34729739303	0.232413793103	0.171303261418	-100	Mitsuba-Ward	Mitsuba-Pbr-AS
139	0.526470588235	0.411558288925	0.174482758621	0.111064166088	-100	Mitsuba-Ward	Mitsuba-Pbr-AS
140	0.207794117647	0.197506544828	0.145517241379	0.132839367968	-100	Mitsuba-Ward	Mitsuba-Pbr-AS
141	0.178823529412	0.172107466233	0.0586206896552	0.0547362763999	-100	Mitsuba-Ward	Mitsuba-Pbr-AS
142	0.584411764706	0.438877478779	0.135862068966	0.0801926296364	-100	Mitsuba-Ward	Mitsuba-Pbr-AS
143	0.758235294118	0.505527306415	0.0972413793103	0.0457616086182	-100	Mitsuba-Ward	Mitsuba-Pbr-AS
144	0.729264705882	0.495793021155	0.126206896552	0.0616564703763	-100	Mitsuba-Ward	Mitsuba-Pbr-AS
145	0.700294117647	0.485555939356	0.174482758621	0.0885079856592	-100	Mitsuba-Ward	Mitsuba-Pbr-AS
146	0.0629411764706	0.0626288618114	0.02	0.0198369821705	-100	Mitsuba-Ward	Mitsuba-Pbr-AS
147	0.294705882353	0.267835294061	0.116551724138	0.0980491205715	-100	Mitsuba-Ward	Mitsuba-Pbr-AS
148	0.555441176471	0.425584211965	0.184137931034	0.112878545924	-100	Mitsuba-Ward	Mitsuba-Pbr-AS
149	0.410588235294	0.347297326214	0.068275862069	0.0503240078527	-100	Mitsuba-Ward	Mitsuba-Pbr-AS
150	0.526470588235	0.411558289462	0.145517241379	0.0926266587598	-100	Mitsuba-Ward	Mitsuba-Pbr-AS
151	0.0919117647059	0.0909512452908	0.155172413793	0.152342762843	-100	Mitsuba-Ward	Mitsuba-Pbr-AS
152	0.236764705882	0.221959249223	0.232413793103	0.206911329571	-100	Mitsuba-Ward	Mitsuba-Pbr-AS
153	0.352647058824	0.309587017415	0.184137931034	0.145365458239	-100	Mitsuba-Ward	Mitsuba-Pbr-AS
154	0.758235294118	0.505527255682	0.0393103448276	0.0184997364478	-100	Mitsuba-Ward	Mitsuba-Pbr-AS
155	0.178823529412	0.172107465908	0.0875862068966	0.0817824097742	-100	Mitsuba-Ward	Mitsuba-Pbr-AS
156	0.642352941176	0.4634363536	0.164827586207	0.0901816490991	-100	Mitsuba-Ward	Mitsuba-Pbr-AS
157	0.352647058824	0.309587020543	0.203448275862	0.160609757535	-100	Mitsuba-Ward	Mitsuba-Pbr-AS
158	0.4975	0.396755167973	0.0779310344828	0.0514945949287	-100	Mitsuba-Ward	Mitsuba-Pbr-AS
159	0.120882352941	0.118732944954	0.02	0.0193721418122	-100	Mitsuba-Ward	Mitsuba-Pbr-AS
160	0.613382352941	0.451481059272	0.232413793103	0.132076966863	-100	Mitsuba-Ward	Mitsuba-Pbr-AS
161	0.352647058824	0.309587020299	0.155172413793	0.122498923798	-100	Mitsuba-Ward	Mitsuba-Pbr-AS
162	0.236764705882	0.221959243433	0.0296551724138	0.0264011903055	-100	Mitsuba-Ward	Mitsuba-Pbr-AS
163	0.758235294118	0.505527327071	0.203448275862	0.0957420199548	-100	Mitsuba-Ward	Mitsuba-Pbr-AS
164	0.99	0.568903679196	0.193793103448	0.068361523936	-100	Mitsuba-Ward	Mitsuba-Pbr-AS
165	0.468529411765	0.381168594824	0.184137931034	0.126264797172	-100	Mitsuba-Ward	Mitsuba-Pbr-AS
166	0.149852941176	0.145824127539	0.174482758621	0.166185226554	-100	Mitsuba-Ward	Mitsuba-Pbr-AS
167	0.468529411765	0.381168632505	0.0779310344828	0.0534379288073	-100	Mitsuba-Ward	Mitsuba-Pbr-AS
168	0.294705882353	0.267835278067	0.068275862069	0.0574372651059	-100	Mitsuba-Ward	Mitsuba-Pbr-AS
169	0.265735294118	0.245410578996	0.145517241379	0.126057542025	-100	Mitsuba-Ward	Mitsuba-Pbr-AS
170	0.0629411764706	0.0626323956612	0.193793103448	0.192223586216	-100	Mitsuba-Ward	Mitsuba-Pbr-AS
171	0.381617647059	0.328936418156	0.0972413793103	0.0742152132259	-100	Mitsuba-Ward	Mitsuba-Pbr-AS
172	0.816176470588	0.523613343775	0.0489655172414	0.0213986550414	-100	Mitsuba-Ward	Mitsuba-Pbr-AS
173	0.439558823529	0.364698280443	0.116551724138	0.0828895133059	-100	Mitsuba-Ward	Mitsuba-Pbr-AS
174	0.294705882353	0.267835284635	0.0972413793103	0.0818044477658	-100	Mitsuba-Ward	Mitsuba-Pbr-AS
175	0.932058823529	0.55500522682	0.155172413793	0.0586953449155	-100	Mitsuba-Ward	Mitsuba-Pbr-AS
176	0.729264705882	0.495793124946	0.0489655172414	0.0239213095089	-100	Mitsuba-Ward	Mitsuba-Pbr-AS
177	0.845147058824	0.532022993233	0.164827586207	0.0694426620672	-100	Mitsuba-Ward	Mitsuba-Pbr-AS
178	0.323676470588	0.289225506579	0.164827586207	0.134423148302	-100	Mitsuba-Ward	Mitsuba-Pbr-AS
179	0.178823529412	0.172107452338	0.02	0.0186749250615	-100	Mitsuba-Ward	Mitsuba-Pbr-AS
180	0.845147058824	0.532022924104	0.155172413793	0.0653749129765	-100	Mitsuba-Ward	Mitsuba-Pbr-AS
181	0.99	0.56890357696	0.116551724138	0.0411142115038	-100	Mitsuba-Ward	Mitsuba-Pbr-AS
182	0.874117647059	0.540044459954	0.164827586207	0.0669693047943	-100	Mitsuba-Ward	Mitsuba-Pbr-AS
183	0.178823529412	0.172107465586	0.155172413793	0.14489000121	-100	Mitsuba-Ward	Mitsuba-Pbr-AS
184	0.236764705882	0.22195923644	0.135862068966	0.120954107785	-100	Mitsuba-Ward	Mitsuba-Pbr-AS
185	0.120882352941	0.118733045226	0.164827586207	0.159649150352	-100	Mitsuba-Ward	Mitsuba-Pbr-AS
186	0.99	0.568903506682	0.0875862068966	0.0308965006344	-100	Mitsuba-Ward	Mitsuba-Pbr-AS
187	0.265735294118	0.245410570879	0.0393103448276	0.0340535294489	-100	Mitsuba-Ward	Mitsuba-Pbr-AS
188	0.4975	0.39675517438	0.116551724138	0.0770140522495	-100	Mitsuba-Ward	Mitsuba-Pbr-AS
189	0.758235294118	0.505527344987	0.174482758621	0.082110954506	-100	Mitsuba-Ward	Mitsuba-Pbr-AS
190	0.874117647059	0.540044580126	0.068275862069	0.0277406692048	-100	Mitsuba-Ward	Mitsuba-Pbr-AS
191	0.700294117647	0.485555935997	0.232413793103	0.117893994464	-100	Mitsuba-Ward	Mitsuba-Pbr-AS
192	0.613382352941	0.451481154413	0.0875862068966	0.0497738570768	-100	Mitsuba-Ward	Mitsuba-Pbr-AS
193	0.99	0.56890360497	0.145517241379	0.0513319687366	-100	Mitsuba-Ward	Mitsuba-Pbr-AS
194	0.845147058824	0.532022926443	0.135862068966	0.057239357545	-100	Mitsuba-Ward	Mitsuba-Pbr-AS
195	0.700294117647	0.485556040483	0.0875862068966	0.0444289165935	-100	Mitsuba-Ward	Mitsuba-Pbr-AS
196	0.439558823529	0.364698320845	0.145517241379	0.103489181862	-100	Mitsuba-Ward	Mitsuba-Pbr-AS
197	0.671323529412	0.474782215789	0.232413793103	0.122432498401	-100	Mitsuba-Ward	Mitsuba-Pbr-AS
198	0.526470588235	0.411558305752	0.135862068966	0.0864807851884	-100	Mitsuba-Ward	Mitsuba-Pbr-AS
199	0.961029411765	0.562056341352	0.22275862069	0.081351042158	-100	Mitsuba-Ward	Mitsuba-Pbr-AS
200	0.4975	0.39675520927	0.232413793103	0.153572387945	-100	Mitsuba-Ward	Mitsuba-Pbr-AS
201	0.265735294118	0.245410572594	0.0779310344828	0.0675094891122	-100	Mitsuba-Ward	Mitsuba-Pbr-AS
202	0.961029411765	0.562056282831	0.0393103448276	0.0143560678083	-100	Mitsuba-Ward	Mitsuba-Pbr-AS
203	0.149852941176	0.145824142364	0.0393103448276	0.0374420889301	-100	Mitsuba-Ward	Mitsuba-Pbr-AS
204	0.0919117647059	0.0909512094523	0.203448275862	0.199737846043	-100	Mitsuba-Ward	Mitsuba-Pbr-AS
205	0.149852941176	0.145824127862	0.164827586207	0.156989326154	-100	Mitsuba-Ward	Mitsuba-Pbr-AS
206	0.265735294118	0.245410571021	0.0972413793103	0.0842375655747	-100	Mitsuba-Ward	Mitsuba-Pbr-AS
207	0.903088235294	0.547699971553	0.22275862069	0.0873127389108	-100	Mitsuba-Ward	Mitsuba-Pbr-AS
208	0.903088235294	0.54770020302	0.145517241379	0.0570371234254	-100	Mitsuba-Ward	Mitsuba-Pbr-AS
209	0.526470588235	0.411558299499	0.0296551724138	0.0188765492065	-100	Mitsuba-Ward	Mitsuba-Pbr-AS
210	0.903088235294	0.547700199895	0.174482758621	0.0683904432258	-100	Mitsuba-Ward	Mitsuba-Pbr-AS
211	0.381617647059	0.328936354584	0.184137931034	0.140535194954	-100	Mitsuba-Ward	Mitsuba-Pbr-AS
212	0.207794117647	0.197506542739	0.203448275862	0.185723313512	-100	Mitsuba-Ward	Mitsuba-Pbr-AS
213	0.671323529412	0.474782220263	0.0393103448276	0.020708305233	-100	Mitsuba-Ward	Mitsuba-Pbr-AS
214	0.294705882353	0.267835280462	0.0586206896552	0.0493148616096	-100	Mitsuba-Ward	Mitsuba-Pbr-AS
215	0.149852941176	0.145824097201	0.126206896552	0.120206008767	-100	Mitsuba-Ward	Mitsuba-Pbr-AS
216	0.932058823529	0.555005131692	0.116551724138	0.0440868628027	-100	Mitsuba-Ward	Mitsuba-Pbr-AS
217	0.99	0.568903384782	0.02	0.00705509960998	-100	Mitsuba-Ward	Mitsuba-Pbr-AS
218	0.758235294118	0.505527238425	0.232413793103	0.109373119629	-100	Mitsuba-Ward	Mitsuba-Pbr-AS
219	0.903088235294	0.547700208737	0.0393103448276	0.0154083418863	-100	Mitsuba-Ward	Mitsuba-Pbr-AS
220	0.816176470588	0.523613254599	0.02	0.00874037457221	-100	Mitsuba-Ward	Mitsuba-Pbr-AS
221	0.845147058824	0.532022985209	0.106896551724	0.045036249258	-100	Mitsuba-Ward	Mitsuba-Pbr-AS
222	0.0339705882353	0.0339114200621	0.068275862069	0.0682100520198	-100	Mitsuba-Ward	Mitsuba-Pbr-AS
223	0.642352941176	0.463436380858	0.0393103448276	0.0215077820418	-100	Mitsuba-Ward	Mitsuba-Pbr-AS
224	0.700294117647	0.485556029646	0.0586206896552	0.0297358677515	-100	Mitsuba-Ward	Mitsuba-Pbr-AS
225	0.787205882353	0.514790742553	0.22275862069	0.101004926617	-100	Mitsuba-Ward	Mitsuba-Pbr-AS
226	0.787205882353	0.514790754037	0.193793103448	0.0878711713427	-100	Mitsuba-Ward	Mitsuba-Pbr-AS
227	0.381617647059	0.328936353637	0.02	0.0152643085186	-100	Mitsuba-Ward	Mitsuba-Pbr-AS
228	0.700294117647	0.48555593584	0.126206896552	0.0640196440616	-100	Mitsuba-Ward	Mitsuba-Pbr-AS
229	0.0919117647059	0.0909513164006	0.0296551724138	0.02911450531	-100	Mitsuba-Ward	Mitsuba-Pbr-AS
230	0.642352941176	0.463436338131	0.203448275862	0.111312087263	-100	Mitsuba-Ward	Mitsuba-Pbr-AS
231	0.555441176471	0.425584276521	0.193793103448	0.118797227705	-100	Mitsuba-Ward	Mitsuba-Pbr-AS
232	0.410588235294	0.347297402967	0.0489655172414	0.0360907870414	-100	Mitsuba-Ward	Mitsuba-Pbr-AS
233	0.555441176471	0.425584281445	0.0972413793103	0.0596100032975	-100	Mitsuba-Ward	Mitsuba-Pbr-AS
234	0.381617647059	0.328936359301	0.0296551724138	0.0226334616605	-100	Mitsuba-Ward	Mitsuba-Pbr-AS
235	0.729264705882	0.495793088277	0.116551724138	0.0569394816234	-100	Mitsuba-Ward	Mitsuba-Pbr-AS
236	0.671323529412	0.474782247991	0.106896551724	0.0563117021055	-100	Mitsuba-Ward	Mitsuba-Pbr-AS
237	0.0629411764706	0.0626321970678	0.126206896552	0.12518513211	-100	Mitsuba-Ward	Mitsuba-Pbr-AS
238	0.120882352941	0.118732703377	0.232413793103	0.225109961108	-100	Mitsuba-Ward	Mitsuba-Pbr-AS
239	0.120882352941	0.118733042972	0.184137931034	0.178352059886	-100	Mitsuba-Ward	Mitsuba-Pbr-AS
240	0.700294117647	0.485555939463	0.145517241379	0.0738149993314	-100	Mitsuba-Ward	Mitsuba-Pbr-AS
241	0.149852941176	0.145824117475	0.0586206896552	0.0558345404972	-100	Mitsuba-Ward	Mitsuba-Pbr-AS
242	0.903088235294	0.547700254742	0.106896551724	0.0418993313651	-100	Mitsuba-Ward	Mitsuba-Pbr-AS
243	0.0339705882353	0.0339114890272	0.02	0.0199806776996	-100	Mitsuba-Ward	Mitsuba-Pbr-AS
244	0.005	0.00547790253748	0.0393103448276	0.0471118825051	-100	Mitsuba-Ward	Mitsuba-Pbr-AS
245	0.816176470588	0.523613496455	0.0972413793103	0.0424951069978	-100	Mitsuba-Ward	Mitsuba-Pbr-AS
246	0.555441176471	0.425584280378	0.0393103448276	0.0240977322949	-100	Mitsuba-Ward	Mitsuba-Pbr-AS
247	0.0339705882353	0.0339108122672	0.126206896552	0.126082677551	-100	Mitsuba-Ward	Mitsuba-Pbr-AS
248	0.961029411765	0.56205636406	0.135862068966	0.049616573113	-100	Mitsuba-Ward	Mitsuba-Pbr-AS
249	0.352647058824	0.309587086283	0.116551724138	0.0920102653958	-100	Mitsuba-Ward	Mitsuba-Pbr-AS
250	0.671323529412	0.474782185507	0.135862068966	0.07157038255	-100	Mitsuba-Ward	Mitsuba-Pbr-AS
251	0.294705882353	0.267835282208	0.135862068966	0.114293982436	-100	Mitsuba-Ward	Mitsuba-Pbr-AS
252	0.526470588235	0.411558324474	0.0393103448276	0.0250223601713	-100	Mitsuba-Ward	Mitsuba-Pbr-AS
253	0.468529411765	0.381168626418	0.0972413793103	0.0666791495574	-100	Mitsuba-Ward	Mitsuba-Pbr-AS
254	0.613382352941	0.451481127909	0.126206896552	0.0717213100579	-100	Mitsuba-Ward	Mitsuba-Pbr-AS
255	0.120882352941	0.118733067678	0.0875862068966	0.084835906521	-100	Mitsuba-Ward	Mitsuba-Pbr-AS
256	0.236764705882	0.221959242506	0.0586206896552	0.0521883512813	-100	Mitsuba-Ward	Mitsuba-Pbr-AS
257	0.874117647059	0.540044516536	0.145517241379	0.0591236367304	-100	Mitsuba-Ward	Mitsuba-Pbr-AS
258	0.323676470588	0.2892255373	0.193793103448	0.158045534429	-100	Mitsuba-Ward	Mitsuba-Pbr-AS
259	0.0339705882353	0.0339118970376	0.145517241379	0.145377471941	-100	Mitsuba-Ward	Mitsuba-Pbr-AS
260	0.410588235294	0.347297360062	0.0586206896552	0.0432074747002	-100	Mitsuba-Ward	Mitsuba-Pbr-AS
261	0.0339705882353	0.0339106419963	0.135862068966	0.135727294177	-100	Mitsuba-Ward	Mitsuba-Pbr-AS
262	0.0629411764706	0.0626322016333	0.155172413793	0.153915966859	-100	Mitsuba-Ward	Mitsuba-Pbr-AS
263	0.845147058824	0.532022995272	0.145517241379	0.0613071246346	-100	Mitsuba-Ward	Mitsuba-Pbr-AS
264	0.4975	0.396755168319	0.0393103448276	0.0259751465544	-100	Mitsuba-Ward	Mitsuba-Pbr-AS
265	0.874117647059	0.540044585035	0.0875862068966	0.035586241587	-100	Mitsuba-Ward	Mitsuba-Pbr-AS
266	0.613382352941	0.451481127671	0.0972413793103	0.055260721564	-100	Mitsuba-Ward	Mitsuba-Pbr-AS
267	0.0339705882353	0.0339112070787	0.174482758621	0.174314057543	-100	Mitsuba-Ward	Mitsuba-Pbr-AS
268	0.439558823529	0.364698309591	0.232413793103	0.165288399099	-100	Mitsuba-Ward	Mitsuba-Pbr-AS
269	0.439558823529	0.364698314436	0.22275862069	0.158421835024	-100	Mitsuba-Ward	Mitsuba-Pbr-AS
270	0.729264705882	0.495792951529	0.0296551724138	0.014487905587	-100	Mitsuba-Ward	Mitsuba-Pbr-AS
271	0.439558823529	0.364698288871	0.02	0.0142238186752	-100	Mitsuba-Ward	Mitsuba-Pbr-AS
272	0.0339705882353	0.0339113200454	0.203448275862	0.20325201192	-100	Mitsuba-Ward	Mitsuba-Pbr-AS
273	0.381617647059	0.328936354901	0.232413793103	0.177379635651	-100	Mitsuba-Ward	Mitsuba-Pbr-AS
274	0.845147058824	0.532022919669	0.0393103448276	0.0165620173193	-100	Mitsuba-Ward	Mitsuba-Pbr-AS
275	0.352647058824	0.309587018948	0.0972413793103	0.0767662681005	-100	Mitsuba-Ward	Mitsuba-Pbr-AS
276	0.874117647059	0.540044534469	0.135862068966	0.0552006475285	-100	Mitsuba-Ward	Mitsuba-Pbr-AS
277	0.845147058824	0.53202294623	0.184137931034	0.0775782379212	-100	Mitsuba-Ward	Mitsuba-Pbr-AS
278	0.236764705882	0.221959253721	0.0489655172414	0.0435926051206	-100	Mitsuba-Ward	Mitsuba-Pbr-AS
279	0.439558823529	0.364698307536	0.0779310344828	0.0554232729171	-100	Mitsuba-Ward	Mitsuba-Pbr-AS
280	0.207794117647	0.197506545969	0.184137931034	0.16809532093	-100	Mitsuba-Ward	Mitsuba-Pbr-AS
281	0.584411764706	0.438877452116	0.106896551724	0.0630957564951	-100	Mitsuba-Ward	Mitsuba-Pbr-AS
282	0.0629411764706	0.062632290209	0.0586206896552	0.0581461191756	-100	Mitsuba-Ward	Mitsuba-Pbr-AS
283	0.381617647059	0.328936359808	0.155172413793	0.118428535718	-100	Mitsuba-Ward	Mitsuba-Pbr-AS
284	0.700294117647	0.485555992136	0.0779310344828	0.0395313191136	-100	Mitsuba-Ward	Mitsuba-Pbr-AS
285	0.439558823529	0.364698310573	0.193793103448	0.137822050738	-100	Mitsuba-Ward	Mitsuba-Pbr-AS
286	0.294705882353	0.267835274732	0.0296551724138	0.0249476797706	-100	Mitsuba-Ward	Mitsuba-Pbr-AS
287	0.178823529412	0.17210746927	0.174482758621	0.162920747011	-100	Mitsuba-Ward	Mitsuba-Pbr-AS
288	0.932058823529	0.555005008733	0.22275862069	0.084260379677	-100	Mitsuba-Ward	Mitsuba-Pbr-AS
289	0.584411764706	0.438877480668	0.116551724138	0.0687947204308	-100	Mitsuba-Ward	Mitsuba-Pbr-AS
290	0.005	0.00549242980637	0.145517241379	0.173362753274	-100	Mitsuba-Ward	Mitsuba-Pbr-AS
291	0.0919117647059	0.0909513134794	0.0489655172414	0.048072774689	-100	Mitsuba-Ward	Mitsuba-Pbr-AS
292	0.4975	0.396755207694	0.174482758621	0.115293208722	-100	Mitsuba-Ward	Mitsuba-Pbr-AS
293	0.613382352941	0.451481094244	0.0586206896552	0.0333132464978	-100	Mitsuba-Ward	Mitsuba-Pbr-AS
294	0.584411764706	0.438877464922	0.174482758621	0.102988525521	-100	Mitsuba-Ward	Mitsuba-Pbr-AS
295	0.99	0.568903728456	0.22275862069	0.0785792964345	-100	Mitsuba-Ward	Mitsuba-Pbr-AS
296	0.642352941176	0.4634362993	0.155172413793	0.0848990353981	-100	Mitsuba-Ward	Mitsuba-Pbr-AS
297	0.671323529412	0.474782243401	0.02	0.0105358508483	-100	Mitsuba-Ward	Mitsuba-Pbr-AS
298	0.0919117647059	0.0909512201973	0.184137931034	0.180779823361	-100	Mitsuba-Ward	Mitsuba-Pbr-AS
299	0.845147058824	0.53202279508	0.0296551724138	0.0124942092931	-100	Mitsuba-Ward	Mitsuba-Pbr-AS
300	0.787205882353	0.514790684465	0.184137931034	0.0834932657157	-100	Mitsuba-Ward	Mitsuba-Pbr-AS
301	0.613382352941	0.451481098739	0.155172413793	0.0881819387536	-100	Mitsuba-Ward	Mitsuba-Pbr-AS
302	0.207794117647	0.197506544563	0.106896551724	0.0975834239879	-100	Mitsuba-Ward	Mitsuba-Pbr-AS
303	0.932058823529	0.555005303743	0.0875862068966	0.0331303164059	-100	Mitsuba-Ward	Mitsuba-Pbr-AS
304	0.932058823529	0.555005007679	0.193793103448	0.073303973905	-100	Mitsuba-Ward	Mitsuba-Pbr-AS
305	0.526470588235	0.411558305311	0.02	0.0127307020548	-100	Mitsuba-Ward	Mitsuba-Pbr-AS
306	0.584411764706	0.438877474695	0.184137931034	0.10868746581	-100	Mitsuba-Ward	Mitsuba-Pbr-AS
307	0.729264705882	0.495793046965	0.155172413793	0.0758070554771	-100	Mitsuba-Ward	Mitsuba-Pbr-AS
308	0.381617647059	0.328936354256	0.145517241379	0.111059860777	-100	Mitsuba-Ward	Mitsuba-Pbr-AS
309	0.961029411765	0.562056303923	0.0875862068966	0.0319863268728	-100	Mitsuba-Ward	Mitsuba-Pbr-AS
310	0.642352941176	0.46343633145	0.22275862069	0.121877294471	-100	Mitsuba-Ward	Mitsuba-Pbr-AS
311	0.4975	0.396755193934	0.0972413793103	0.0642543212859	-100	Mitsuba-Ward	Mitsuba-Pbr-AS
312	0.352647058824	0.309587060624	0.0393103448276	0.0310332323896	-100	Mitsuba-Ward	Mitsuba-Pbr-AS
313	0.874117647059	0.54004458264	0.0779310344828	0.0316634858225	-100	Mitsuba-Ward	Mitsuba-Pbr-AS
314	0.178823529412	0.1721074656	0.0779310344828	0.0727670080454	-100	Mitsuba-Ward	Mitsuba-Pbr-AS
315	0.613382352941	0.451481108393	0.0779310344828	0.0442869229388	-100	Mitsuba-Ward	Mitsuba-Pbr-AS
316	0.410588235294	0.347297425633	0.184137931034	0.135720967936	-100	Mitsuba-Ward	Mitsuba-Pbr-AS
317	0.903088235294	0.547700239792	0.126206896552	0.0494682349635	-100	Mitsuba-Ward	Mitsuba-Pbr-AS
318	0.381617647059	0.328936353567	0.106896551724	0.0815841425793	-100	Mitsuba-Ward	Mitsuba-Pbr-AS
319	0.265735294118	0.245410569178	0.174482758621	0.151149572025	-100	Mitsuba-Ward	Mitsuba-Pbr-AS
320	0.816176470588	0.52361327916	0.0296551724138	0.0129598535284	-100	Mitsuba-Ward	Mitsuba-Pbr-AS
321	0.323676470588	0.289225476585	0.068275862069	0.0556819255036	-100	Mitsuba-Ward	Mitsuba-Pbr-AS
322	0.178823529412	0.172107467524	0.0393103448276	0.0367054619501	-100	Mitsuba-Ward	Mitsuba-Pbr-AS
323	0.700294117647	0.485555973275	0.0296551724138	0.0150431054468	-100	Mitsuba-Ward	Mitsuba-Pbr-AS
324	0.845147058824	0.532023104689	0.0586206896552	0.0246972317517	-100	Mitsuba-Ward	Mitsuba-Pbr-AS
325	0.671323529412	0.47478221779	0.203448275862	0.107173863665	-100	Mitsuba-Ward	Mitsuba-Pbr-AS
326	0.787205882353	0.514790805214	0.0875862068966	0.0397140804025	-100	Mitsuba-Ward	Mitsuba-Pbr-AS
327	0.874117647059	0.540044461519	0.0586206896552	0.0238176704871	-100	Mitsuba-Ward	Mitsuba-Pbr-AS
328	0.005	0.00546328492005	0.164827586207	0.195818010995	-100	Mitsuba-Ward	Mitsuba-Pbr-AS
329	0.149852941176	0.145824322322	0.203448275862	0.193772031091	-100	Mitsuba-Ward	Mitsuba-Pbr-AS
330	0.555441176471	0.425584282324	0.0779310344828	0.0477725470027	-100	Mitsuba-Ward	Mitsuba-Pbr-AS
331	0.99	0.568903440161	0.0586206896552	0.0206787428579	-100	Mitsuba-Ward	Mitsuba-Pbr-AS
332	0.236764705882	0.22195924043	0.02	0.0178054255878	-100	Mitsuba-Ward	Mitsuba-Pbr-AS
333	0.787205882353	0.51479074457	0.145517241379	0.0659815907345	-100	Mitsuba-Ward	Mitsuba-Pbr-AS
334	0.0629411764706	0.0626325234485	0.174482758621	0.17306986882	-100	Mitsuba-Ward	Mitsuba-Pbr-AS
335	0.903088235294	0.547700199727	0.0586206896552	0.0229773006106	-100	Mitsuba-Ward	Mitsuba-Pbr-AS
336	0.178823529412	0.172107467965	0.145517241379	0.135874619875	-100	Mitsuba-Ward	Mitsuba-Pbr-AS
337	0.874117647059	0.54004454054	0.126206896552	0.0512777669071	-100	Mitsuba-Ward	Mitsuba-Pbr-AS
338	0.0919117647059	0.0909513048294	0.0779310344828	0.0765101332981	-100	Mitsuba-Ward	Mitsuba-Pbr-AS
339	0.758235294118	0.5055272959	0.155172413793	0.0730237021231	-100	Mitsuba-Ward	Mitsuba-Pbr-AS
340	0.323676470588	0.289225488861	0.0875862068966	0.0714301290154	-100	Mitsuba-Ward	Mitsuba-Pbr-AS
341	0.265735294118	0.24541057085	0.203448275862	0.176241603106	-100	Mitsuba-Ward	Mitsuba-Pbr-AS
342	0.584411764706	0.438877474051	0.193793103448	0.11438644281	-100	Mitsuba-Ward	Mitsuba-Pbr-AS
343	0.816176470588	0.523613449725	0.164827586207	0.0720305544043	-100	Mitsuba-Ward	Mitsuba-Pbr-AS
344	0.961029411765	0.562056165599	0.0296551724138	0.010830019337	-100	Mitsuba-Ward	Mitsuba-Pbr-AS
345	0.381617647059	0.328936354163	0.126206896552	0.0963220370048	-100	Mitsuba-Ward	Mitsuba-Pbr-AS
346	0.4975	0.396755196662	0.145517241379	0.0961536267067	-100	Mitsuba-Ward	Mitsuba-Pbr-AS
347	0.526470588235	0.411558325351	0.155172413793	0.0987724747348	-100	Mitsuba-Ward	Mitsuba-Pbr-AS
348	0.207794117647	0.197506554966	0.0393103448276	0.035885514724	-100	Mitsuba-Ward	Mitsuba-Pbr-AS
349	0.845147058824	0.532023000179	0.0972413793103	0.0409684331434	-100	Mitsuba-Ward	Mitsuba-Pbr-AS
350	0.207794117647	0.1975065445	0.193793103448	0.176909314479	-100	Mitsuba-Ward	Mitsuba-Pbr-AS
351	0.0339705882353	0.0339114704925	0.0875862068966	0.087501888117	-100	Mitsuba-Ward	Mitsuba-Pbr-AS
352	0.120882352941	0.118733074332	0.0779310344828	0.0754839997759	-100	Mitsuba-Ward	Mitsuba-Pbr-AS
353	0.671323529412	0.474782219553	0.184137931034	0.0970014226326	-100	Mitsuba-Ward	Mitsuba-Pbr-AS
354	0.816176470588	0.523613255166	0.232413793103	0.101566178845	-100	Mitsuba-Ward	Mitsuba-Pbr-AS
355	0.005	0.00545671073779	0.193793103448	0.229134465157	-100	Mitsuba-Ward	Mitsuba-Pbr-AS
356	0.005	0.00546175294107	0.174482758621	0.206965835467	-100	Mitsuba-Ward	Mitsuba-Pbr-AS
357	0.758235294118	0.505527176699	0.0779310344828	0.0366745637844	-100	Mitsuba-Ward	Mitsuba-Pbr-AS
358	0.584411764706	0.438877465408	0.0875862068966	0.0516978202279	-100	Mitsuba-Ward	Mitsuba-Pbr-AS
359	0.816176470588	0.523613484201	0.155172413793	0.0678111996645	-100	Mitsuba-Ward	Mitsuba-Pbr-AS
360	0.845147058824	0.532022982983	0.0875862068966	0.0369007166665	-100	Mitsuba-Ward	Mitsuba-Pbr-AS
361	0.99	0.568903387314	0.0296551724138	0.0104610365726	-100	Mitsuba-Ward	Mitsuba-Pbr-AS
362	0.729264705882	0.495793014991	0.164827586207	0.0805239337807	-100	Mitsuba-Ward	Mitsuba-Pbr-AS
363	0.265735294118	0.24541057383	0.155172413793	0.134421564101	-100	Mitsuba-Ward	Mitsuba-Pbr-AS
364	0.671323529412	0.474782274668	0.0296551724138	0.015622043431	-100	Mitsuba-Ward	Mitsuba-Pbr-AS
365	0.584411764706	0.438877482774	0.155172413793	0.0915905883463	-100	Mitsuba-Ward	Mitsuba-Pbr-AS
366	0.613382352941	0.451481132971	0.203448275862	0.115616307942	-100	Mitsuba-Ward	Mitsuba-Pbr-AS
367	0.0629411764706	0.0626322023201	0.0875862068966	0.0868771835196	-100	Mitsuba-Ward	Mitsuba-Pbr-AS
368	0.555441176471	0.42558421211	0.155172413793	0.0951223824472	-100	Mitsuba-Ward	Mitsuba-Pbr-AS
369	0.99	0.568903504039	0.135862068966	0.0479260516737	-100	Mitsuba-Ward	Mitsuba-Pbr-AS
370	0.0919117647059	0.0909513009662	0.0875862068966	0.0859892578108	-100	Mitsuba-Ward	Mitsuba-Pbr-AS
371	0.0629411764706	0.0626289399077	0.0296551724138	0.029413654194	-100	Mitsuba-Ward	Mitsuba-Pbr-AS
372	0.99	0.568903361997	0.0393103448276	0.0138669576915	-100	Mitsuba-Ward	Mitsuba-Pbr-AS
373	0.758235294118	0.505527407825	0.116551724138	0.0548488330589	-100	Mitsuba-Ward	Mitsuba-Pbr-AS
374	0.932058823529	0.555005051746	0.184137931034	0.06965179982	-100	Mitsuba-Ward	Mitsuba-Pbr-AS
375	0.787205882353	0.514790565551	0.135862068966	0.061604056384	-100	Mitsuba-Ward	Mitsuba-Pbr-AS
376	0.961029411765	0.562056293809	0.068275862069	0.0249342075187	-100	Mitsuba-Ward	Mitsuba-Pbr-AS
377	0.700294117647	0.485555991694	0.164827586207	0.0836102310807	-100	Mitsuba-Ward	Mitsuba-Pbr-AS
378	0.671323529412	0.474782260652	0.116551724138	0.0613979001144	-100	Mitsuba-Ward	Mitsuba-Pbr-AS
379	0.961029411765	0.562056368547	0.155172413793	0.0566686542786	-100	Mitsuba-Ward	Mitsuba-Pbr-AS
380	0.555441176471	0.425584220079	0.232413793103	0.142472134519	-100	Mitsuba-Ward	Mitsuba-Pbr-AS
381	0.845147058824	0.532022893668	0.0489655172414	0.0206298367585	-100	Mitsuba-Ward	Mitsuba-Pbr-AS
382	0.555441176471	0.425584285007	0.0586206896552	0.0359351080938	-100	Mitsuba-Ward	Mitsuba-Pbr-AS
383	0.0919117647059	0.090951290455	0.106896551724	0.104947441493	-100	Mitsuba-Ward	Mitsuba-Pbr-AS
384	0.236764705882	0.22195922778	0.0393103448276	0.034997010708	-100	Mitsuba-Ward	Mitsuba-Pbr-AS
385	0.845147058824	0.532023000882	0.126206896552	0.053171693022	-100	Mitsuba-Ward	Mitsuba-Pbr-AS
386	0.120882352941	0.11873314509	0.145517241379	0.140945826257	-100	Mitsuba-Ward	Mitsuba-Pbr-AS
387	0.961029411765	0.562056241121	0.0586206896552	0.0214081745527	-100	Mitsuba-Ward	Mitsuba-Pbr-AS
388	0.874117647059	0.540044589644	0.0393103448276	0.0159720892376	-100	Mitsuba-Ward	Mitsuba-Pbr-AS
389	0.410588235294	0.347297414335	0.22275862069	0.164186772803	-100	Mitsuba-Ward	Mitsuba-Pbr-AS
390	0.410588235294	0.34729742506	0.155172413793	0.114371621329	-100	Mitsuba-Ward	Mitsuba-Pbr-AS
391	0.381617647059	0.328936368844	0.135862068966	0.103690906174	-100	Mitsuba-Ward	Mitsuba-Pbr-AS
392	0.352647058824	0.309587017072	0.0875862068966	0.0691439154896	-100	Mitsuba-Ward	Mitsuba-Pbr-AS
393	0.99	0.568903554418	0.106896551724	0.0377083039169	-100	Mitsuba-Ward	Mitsuba-Pbr-AS
394	0.584411764706	0.438877436351	0.0489655172414	0.028902040204	-100	Mitsuba-Ward	Mitsuba-Pbr-AS
395	0.149852941176	0.145824054175	0.0972413793103	0.0926186707466	-100	Mitsuba-Ward	Mitsuba-Pbr-AS
396	0.120882352941	0.118733026225	0.193793103448	0.187703546598	-100	Mitsuba-Ward	Mitsuba-Pbr-AS
397	0.0629411764706	0.0626322514361	0.0972413793103	0.0964542051532	-100	Mitsuba-Ward	Mitsuba-Pbr-AS
398	0.005	0.00550542926318	0.116551724138	0.139525387874	-100	Mitsuba-Ward	Mitsuba-Pbr-AS
399	0.932058823529	0.555005137694	0.135862068966	0.051391173296	-100	Mitsuba-Ward	Mitsuba-Pbr-AS
400	0.0339705882353	0.0339114389195	0.164827586207	0.164668823256	-100	Mitsuba-Ward	Mitsuba-Pbr-AS
401	0.439558823529	0.364698323327	0.164827586207	0.117222337973	-100	Mitsuba-Ward	Mitsuba-Pbr-AS
402	0.816176470588	0.523613255391	0.0779310344828	0.0340567969797	-100	Mitsuba-Ward	Mitsuba-Pbr-AS
403	0.207794117647	0.197506546738	0.126206896552	0.115211384365	-100	Mitsuba-Ward	Mitsuba-Pbr-AS
404	0.932058823529	0.555005107895	0.164827586207	0.0623474938865	-100	Mitsuba-Ward	Mitsuba-Pbr-AS
405	0.729264705882	0.49579301827	0.22275862069	0.108825107217	-100	Mitsuba-Ward	Mitsuba-Pbr-AS
406	0.903088235294	0.547700197388	0.068275862069	0.0267617049915	-100	Mitsuba-Ward	Mitsuba-Pbr-AS
407	0.816176470588	0.523613244466	0.106896551724	0.0467148305436	-100	Mitsuba-Ward	Mitsuba-Pbr-AS
408	0.120882352941	0.118733003358	0.0489655172414	0.047428225997	-100	Mitsuba-Ward	Mitsuba-Pbr-AS
409	0.671323529412	0.474782218538	0.126206896552	0.0664841482858	-100	Mitsuba-Ward	Mitsuba-Pbr-AS
410	0.178823529412	0.172107465589	0.135862068966	0.126859250041	-100	Mitsuba-Ward	Mitsuba-Pbr-AS
411	0.816176470588	0.523613302543	0.145517241379	0.06359194875	-100	Mitsuba-Ward	Mitsuba-Pbr-AS
412	0.149852941176	0.145824091863	0.184137931034	0.175381264944	-100	Mitsuba-Ward	Mitsuba-Pbr-AS
413	0.555441176471	0.425584279431	0.174482758621	0.106959778511	-100	Mitsuba-Ward	Mitsuba-Pbr-AS
414	0.352647058824	0.309587081069	0.232413793103	0.183476102528	-100	Mitsuba-Ward	Mitsuba-Pbr-AS
415	0.874117647059	0.540044517002	0.116551724138	0.0473549789255	-100	Mitsuba-Ward	Mitsuba-Pbr-AS
416	0.845147058824	0.532022983189	0.116551724138	0.0491039314375	-100	Mitsuba-Ward	Mitsuba-Pbr-AS
417	0.0629411764706	0.0626326143817	0.106896551724	0.106031293392	-100	Mitsuba-Ward	Mitsuba-Pbr-AS
418	0.294705882353	0.267835293614	0.0875862068966	0.0736820498521	-100	Mitsuba-Ward	Mitsuba-Pbr-AS
419	0.149852941176	0.145824053367	0.155172413793	0.14779382839	-100	Mitsuba-Ward	Mitsuba-Pbr-AS
420	0.120882352941	0.118733083819	0.155172413793	0.150297550144	-100	Mitsuba-Ward	Mitsuba-Pbr-AS
421	0.584411764706	0.438877420175	0.22275862069	0.131483368192	-100	Mitsuba-Ward	Mitsuba-Pbr-AS
422	0.99	0.568903629455	0.164827586207	0.0581437754202	-100	Mitsuba-Ward	Mitsuba-Pbr-AS
423	0.845147058824	0.532022950451	0.22275862069	0.0938492734478	-100	Mitsuba-Ward	Mitsuba-Pbr-AS
424	0.381617647059	0.328936353502	0.0875862068966	0.0668464177692	-100	Mitsuba-Ward	Mitsuba-Pbr-AS
425	0.932058823529	0.555004918502	0.232413793103	0.0879126234463	-100	Mitsuba-Ward	Mitsuba-Pbr-AS
426	0.642352941176	0.463436388748	0.0586206896552	0.0320729770907	-100	Mitsuba-Ward	Mitsuba-Pbr-AS
427	0.0339705882353	0.0339117804093	0.155172413793	0.155023306355	-100	Mitsuba-Ward	Mitsuba-Pbr-AS
428	0.787205882353	0.514790808185	0.116551724138	0.0528478412271	-100	Mitsuba-Ward	Mitsuba-Pbr-AS
429	0.0629411764706	0.0626322937013	0.0779310344828	0.0773001799528	-100	Mitsuba-Ward	Mitsuba-Pbr-AS
430	0.468529411765	0.381168622607	0.0489655172414	0.03357607435	-100	Mitsuba-Ward	Mitsuba-Pbr-AS
431	0.99	0.568903612351	0.184137931034	0.0649556077281	-100	Mitsuba-Ward	Mitsuba-Pbr-AS
432	0.439558823529	0.364698337451	0.174482758621	0.124088891767	-100	Mitsuba-Ward	Mitsuba-Pbr-AS
433	0.236764705882	0.22195923699	0.0875862068966	0.0779754833126	-100	Mitsuba-Ward	Mitsuba-Pbr-AS
434	0.932058823529	0.555005343665	0.0296551724138	0.0112174270976	-100	Mitsuba-Ward	Mitsuba-Pbr-AS
435	0.207794117647	0.197506543794	0.135862068966	0.124025399107	-100	Mitsuba-Ward	Mitsuba-Pbr-AS
436	0.149852941176	0.145824053894	0.02	0.0190495970509	-100	Mitsuba-Ward	Mitsuba-Pbr-AS
437	0.265735294118	0.245410572756	0.0296551724138	0.0256894519548	-100	Mitsuba-Ward	Mitsuba-Pbr-AS
438	0.845147058824	0.532022875279	0.193793103448	0.0816459667895	-100	Mitsuba-Ward	Mitsuba-Pbr-AS
439	0.468529411765	0.38116861876	0.174482758621	0.119644161131	-100	Mitsuba-Ward	Mitsuba-Pbr-AS
440	0.671323529412	0.47478218839	0.164827586207	0.0868289755013	-100	Mitsuba-Ward	Mitsuba-Pbr-AS
441	0.932058823529	0.555005293715	0.0779310344828	0.0294781785476	-100	Mitsuba-Ward	Mitsuba-Pbr-AS
442	0.671323529412	0.474782253832	0.155172413793	0.081742771008	-100	Mitsuba-Ward	Mitsuba-Pbr-AS
443	0.700294117647	0.485556027958	0.0393103448276	0.0199405501459	-100	Mitsuba-Ward	Mitsuba-Pbr-AS
444	0.0629411764706	0.0626323274583	0.0393103448276	0.0389920417676	-100	Mitsuba-Ward	Mitsuba-Pbr-AS
445	0.0919117647059	0.0909512550608	0.116551724138	0.11442653403	-100	Mitsuba-Ward	Mitsuba-Pbr-AS
446	0.584411764706	0.438877492903	0.203448275862	0.120085416388	-100	Mitsuba-Ward	Mitsuba-Pbr-AS
447	0.816176470588	0.523613423973	0.193793103448	0.0846886631125	-100	Mitsuba-Ward	Mitsuba-Pbr-AS
448	0.207794117647	0.197506550697	0.174482758621	0.159281338387	-100	Mitsuba-Ward	Mitsuba-Pbr-AS
449	0.874117647059	0.540044343016	0.106896551724	0.0434323515333	-100	Mitsuba-Ward	Mitsuba-Pbr-AS
450	0.4975	0.39675520481	0.203448275862	0.134432800355	-100	Mitsuba-Ward	Mitsuba-Pbr-AS
451	0.468529411765	0.381168628524	0.135862068966	0.0931616562531	-100	Mitsuba-Ward	Mitsuba-Pbr-AS
452	0.005	0.00545352763679	0.203448275862	0.240182535013	-100	Mitsuba-Ward	Mitsuba-Pbr-AS
453	0.584411764706	0.438877478583	0.0972413793103	0.0573967556277	-100	Mitsuba-Ward	Mitsuba-Pbr-AS
454	0.468529411765	0.381168600957	0.164827586207	0.11302353447	-100	Mitsuba-Ward	Mitsuba-Pbr-AS
455	0.729264705882	0.495793020951	0.184137931034	0.089957619521	-100	Mitsuba-Ward	Mitsuba-Pbr-AS
456	0.787205882353	0.514790593062	0.232413793103	0.105382929474	-100	Mitsuba-Ward	Mitsuba-Pbr-AS
457	0.584411764706	0.438877479536	0.0779310344828	0.045998818299	-100	Mitsuba-Ward	Mitsuba-Pbr-AS
458	0.845147058824	0.53202292521	0.232413793103	0.0979170655198	-100	Mitsuba-Ward	Mitsuba-Pbr-AS
459	0.410588235294	0.347297390114	0.193793103448	0.142837460048	-100	Mitsuba-Ward	Mitsuba-Pbr-AS
460	0.758235294118	0.50552731102	0.145517241379	0.0684800261817	-100	Mitsuba-Ward	Mitsuba-Pbr-AS
461	0.468529411765	0.381168610021	0.126206896552	0.0865410271602	-100	Mitsuba-Ward	Mitsuba-Pbr-AS
462	0.729264705882	0.495792908571	0.0875862068966	0.0427892473253	-100	Mitsuba-Ward	Mitsuba-Pbr-AS
463	0.410588235294	0.347297423286	0.106896551724	0.0787893252491	-100	Mitsuba-Ward	Mitsuba-Pbr-AS
464	0.0919117647059	0.0909513136866	0.02	0.0196353661178	-100	Mitsuba-Ward	Mitsuba-Pbr-AS
465	0.526470588235	0.411558289028	0.232413793103	0.147939236065	-100	Mitsuba-Ward	Mitsuba-Pbr-AS
466	0.526470588235	0.411558298332	0.0875862068966	0.0557515839729	-100	Mitsuba-Ward	Mitsuba-Pbr-AS
467	0.555441176471	0.425584268949	0.116551724138	0.0714474432323	-100	Mitsuba-Ward	Mitsuba-Pbr-AS
468	0.294705882353	0.26783527459	0.164827586207	0.138661227912	-100	Mitsuba-Ward	Mitsuba-Pbr-AS
469	0.4975	0.396755191087	0.0586206896552	0.038734883842	-100	Mitsuba-Ward	Mitsuba-Pbr-AS
470	0.381617647059	0.328936355131	0.0779310344828	0.0594778585517	-100	Mitsuba-Ward	Mitsuba-Pbr-AS
471	0.816176470588	0.523613402199	0.184137931034	0.0804693012353	-100	Mitsuba-Ward	Mitsuba-Pbr-AS
472	0.005	0.00550294818832	0.106896551724	0.128125790245	-100	Mitsuba-Ward	Mitsuba-Pbr-AS
473	0.845147058824	0.532022985619	0.174482758621	0.0735104303208	-100	Mitsuba-Ward	Mitsuba-Pbr-AS
474	0.0629411764706	0.0626321775551	0.164827586207	0.163492880455	-100	Mitsuba-Ward	Mitsuba-Pbr-AS
475	0.758235294118	0.50552733516	0.22275862069	0.104829394355	-100	Mitsuba-Ward	Mitsuba-Pbr-AS
476	0.758235294118	0.505527289371	0.126206896552	0.0593927341655	-100	Mitsuba-Ward	Mitsuba-Pbr-AS
477	0.468529411765	0.381168612107	0.0875862068966	0.0600585317513	-100	Mitsuba-Ward	Mitsuba-Pbr-AS
478	0.758235294118	0.505527198879	0.0296551724138	0.0139560042489	-100	Mitsuba-Ward	Mitsuba-Pbr-AS
479	0.613382352941	0.451481119147	0.068275862069	0.0388000530389	-100	Mitsuba-Ward	Mitsuba-Pbr-AS
480	0.961029411765	0.562056337266	0.116551724138	0.0425644524133	-100	Mitsuba-Ward	Mitsuba-Pbr-AS
481	0.903088235294	0.547700153597	0.193793103448	0.0759593182773	-100	Mitsuba-Ward	Mitsuba-Pbr-AS
482	0.961029411765	0.562056345245	0.0779310344828	0.0284602635192	-100	Mitsuba-Ward	Mitsuba-Pbr-AS
483	0.236764705882	0.221959240828	0.0779310344828	0.0693798214856	-100	Mitsuba-Ward	Mitsuba-Pbr-AS
484	0.961029411765	0.562056346201	0.184137931034	0.0672468009532	-100	Mitsuba-Ward	Mitsuba-Pbr-AS
485	0.845147058824	0.532022983175	0.068275862069	0.0287652660778	-100	Mitsuba-Ward	Mitsuba-Pbr-AS
486	0.961029411765	0.562056381645	0.193793103448	0.0707728480819	-100	Mitsuba-Ward	Mitsuba-Pbr-AS
487	0.323676470588	0.289225465052	0.0296551724138	0.0241852921454	-100	Mitsuba-Ward	Mitsuba-Pbr-AS
488	0.613382352941	0.451481120462	0.184137931034	0.104642549695	-100	Mitsuba-Ward	Mitsuba-Pbr-AS
489	0.0919117647059	0.0909513178883	0.0393103448276	0.0385936397287	-100	Mitsuba-Ward	Mitsuba-Pbr-AS
490	0.642352941176	0.463436278994	0.232413793103	0.127159941596	-100	Mitsuba-Ward	Mitsuba-Pbr-AS
491	0.787205882353	0.514790576954	0.0393103448276	0.0178249210652	-100	Mitsuba-Ward	Mitsuba-Pbr-AS
492	0.642352941176	0.463436279865	0.0296551724138	0.0162253907667	-100	Mitsuba-Ward	Mitsuba-Pbr-AS
493	0.120882352941	0.118733139089	0.126206896552	0.122242681749	-100	Mitsuba-Ward	Mitsuba-Pbr-AS
494	0.874117647059	0.540044458004	0.184137931034	0.0748151560472	-100	Mitsuba-Ward	Mitsuba-Pbr-AS
495	0.352647058824	0.309587028515	0.135862068966	0.107254561919	-100	Mitsuba-Ward	Mitsuba-Pbr-AS
496	0.584411764706	0.438877480313	0.02	0.0118050522416	-100	Mitsuba-Ward	Mitsuba-Pbr-AS
497	0.323676470588	0.289225535527	0.232413793103	0.189542172234	-100	Mitsuba-Ward	Mitsuba-Pbr-AS
498	0.323676470588	0.28922548506	0.0586206896552	0.0478077687362	-100	Mitsuba-Ward	Mitsuba-Pbr-AS
499	0.671323529412	0.474782210924	0.193793103448	0.102087626793	-100	Mitsuba-Ward	Mitsuba-Pbr-AS
500	0.700294117647	0.4855559425	0.203448275862	0.103200933515	-100	Mitsuba-Ward	Mitsuba-Pbr-AS
501	0.4975	0.396755185309	0.0489655172414	0.0323550226168	-100	Mitsuba-Ward	Mitsuba-Pbr-AS
502	0.381617647059	0.328936366588	0.22275862069	0.170010798368	-100	Mitsuba-Ward	Mitsuba-Pbr-AS
503	0.178823529412	0.172107470203	0.232413793103	0.217013007995	-100	Mitsuba-Ward	Mitsuba-Pbr-AS
504	0.758235294118	0.505527175588	0.0875862068966	0.0412182247905	-100	Mitsuba-Ward	Mitsuba-Pbr-AS
505	0.149852941176	0.145824157719	0.0489655172414	0.0466382859729	-100	Mitsuba-Ward	Mitsuba-Pbr-AS
506	0.729264705882	0.495793012899	0.232413793103	0.113541987051	-100	Mitsuba-Ward	Mitsuba-Pbr-AS
507	0.816176470588	0.52361332185	0.0393103448276	0.0171792515138	-100	Mitsuba-Ward	Mitsuba-Pbr-AS
508	0.758235294118	0.505527231147	0.0489655172414	0.0230434905692	-100	Mitsuba-Ward	Mitsuba-Pbr-AS
509	0.120882352941	0.118733053008	0.068275862069	0.0661321134501	-100	Mitsuba-Ward	Mitsuba-Pbr-AS
510	0.323676470588	0.289225478265	0.0779310344828	0.0635560993349	-100	Mitsuba-Ward	Mitsuba-Pbr-AS
511	0.0339705882353	0.0339110429095	0.0489655172414	0.0489177071291	-100	Mitsuba-Ward	Mitsuba-Pbr-AS
512	0.874117647059	0.540044462045	0.193793103448	0.0787379644509	-100	Mitsuba-Ward	Mitsuba-Pbr-AS
513	0.613382352941	0.45148109304	0.106896551724	0.0607475990374	-100	Mitsuba-Ward	Mitsuba-Pbr-AS
514	0.816176470588	0.523613256393	0.0586206896552	0.0256181537779	-100	Mitsuba-Ward	Mitsuba-Pbr-AS
515	0.410588235294	0.347297415414	0.0972413793103	0.071672906628	-100	Mitsuba-Ward	Mitsuba-Pbr-AS
516	0.816176470588	0.523613423564	0.174482758621	0.0762499548019	-100	Mitsuba-Ward	Mitsuba-Pbr-AS
517	0.642352941176	0.463436382373	0.106896551724	0.0584860105543	-100	Mitsuba-Ward	Mitsuba-Pbr-AS
518	0.613382352941	0.451481150734	0.0296551724138	0.0168526168421	-100	Mitsuba-Ward	Mitsuba-Pbr-AS
519	0.671323529412	0.474782275547	0.068275862069	0.0359668291312	-100	Mitsuba-Ward	Mitsuba-Pbr-AS
520	0.99	0.568903464833	0.068275862069	0.0240846627768	-100	Mitsuba-Ward	Mitsuba-Pbr-AS
521	0.0629411764706	0.0626321415566	0.135862068966	0.134762088807	-100	Mitsuba-Ward	Mitsuba-Pbr-AS
522	0.439558823529	0.364698306004	0.135862068966	0.0966225708471	-100	Mitsuba-Ward	Mitsuba-Pbr-AS
523	0.642352941176	0.463436380951	0.02	0.0109426444036	-100	Mitsuba-Ward	Mitsuba-Pbr-AS
524	0.932058823529	0.55500523793	0.068275862069	0.0258260110705	-100	Mitsuba-Ward	Mitsuba-Pbr-AS
525	0.005	0.00548001245763	0.0296551724138	0.0355434223937	-100	Mitsuba-Ward	Mitsuba-Pbr-AS
526	0.526470588235	0.41155830066	0.106896551724	0.0680432710921	-100	Mitsuba-Ward	Mitsuba-Pbr-AS
527	0.265735294118	0.245410572075	0.135862068966	0.117693534342	-100	Mitsuba-Ward	Mitsuba-Pbr-AS
528	0.526470588235	0.41155829319	0.126206896552	0.0803350146087	-100	Mitsuba-Ward	Mitsuba-Pbr-AS
529	0.439558823529	0.364698296792	0.068275862069	0.0485565563667	-100	Mitsuba-Ward	Mitsuba-Pbr-AS
530	0.642352941176	0.463436334127	0.193793103448	0.106029468831	-100	Mitsuba-Ward	Mitsuba-Pbr-AS
531	0.468529411765	0.3811686341	0.02	0.0137141544637	-100	Mitsuba-Ward	Mitsuba-Pbr-AS
532	0.120882352941	0.118733023349	0.0586206896552	0.0567801953619	-100	Mitsuba-Ward	Mitsuba-Pbr-AS
533	0.932058823529	0.55500534527	0.0489655172414	0.0185217826948	-100	Mitsuba-Ward	Mitsuba-Pbr-AS
534	0.4975	0.396755171557	0.068275862069	0.0451147362825	-100	Mitsuba-Ward	Mitsuba-Pbr-AS
535	0.99	0.568903478984	0.0972413793103	0.0343024475781	-100	Mitsuba-Ward	Mitsuba-Pbr-AS
536	0.4975	0.396755183117	0.22275862069	0.147192522599	-100	Mitsuba-Ward	Mitsuba-Pbr-AS
537	0.845147058824	0.532023015719	0.02	0.00842633159562	-100	Mitsuba-Ward	Mitsuba-Pbr-AS
538	0.874117647059	0.540044577803	0.0972413793103	0.0395091986252	-100	Mitsuba-Ward	Mitsuba-Pbr-AS
539	0.207794117647	0.197506546692	0.0489655172414	0.04469952886	-100	Mitsuba-Ward	Mitsuba-Pbr-AS
540	0.468529411765	0.38116859087	0.203448275862	0.139506075004	-100	Mitsuba-Ward	Mitsuba-Pbr-AS
541	0.323676470588	0.289225490398	0.0489655172414	0.0399336165758	-100	Mitsuba-Ward	Mitsuba-Pbr-AS
542	0.99	0.56890362872	0.174482758621	0.0615496836259	-100	Mitsuba-Ward	Mitsuba-Pbr-AS
543	0.468529411765	0.381168590465	0.106896551724	0.0732998751415	-100	Mitsuba-Ward	Mitsuba-Pbr-AS
544	0.758235294118	0.50552732682	0.193793103448	0.0911983507026	-100	Mitsuba-Ward	Mitsuba-Pbr-AS
545	0.410588235294	0.347297385589	0.116551724138	0.0859058991991	-100	Mitsuba-Ward	Mitsuba-Pbr-AS
546	0.207794117647	0.197506554018	0.0779310344828	0.071141460206	-100	Mitsuba-Ward	Mitsuba-Pbr-AS
547	0.0919117647059	0.0909512310399	0.174482758621	0.171300816823	-100	Mitsuba-Ward	Mitsuba-Pbr-AS
548	0.439558823529	0.364698306067	0.0875862068966	0.0622898522023	-100	Mitsuba-Ward	Mitsuba-Pbr-AS
549	0.99	0.568903363302	0.0489655172414	0.0172728399842	-100	Mitsuba-Ward	Mitsuba-Pbr-AS
550	0.0629411764706	0.0626321255774	0.184137931034	0.182646638026	-100	Mitsuba-Ward	Mitsuba-Pbr-AS
551	0.381617647059	0.328936240452	0.0489655172414	0.0373713895094	-100	Mitsuba-Ward	Mitsuba-Pbr-AS
552	0.729264705882	0.495793089461	0.135862068966	0.0663732054321	-100	Mitsuba-Ward	Mitsuba-Pbr-AS
553	0.0339705882353	0.0339110401028	0.0586206896552	0.058563492316	-100	Mitsuba-Ward	Mitsuba-Pbr-AS
554	0.903088235294	0.547700214866	0.02	0.00783934955826	-100	Mitsuba-Ward	Mitsuba-Pbr-AS
555	0.700294117647	0.485555999251	0.0489655172414	0.0248383244955	-100	Mitsuba-Ward	Mitsuba-Pbr-AS
556	0.903088235294	0.547700213593	0.0489655172414	0.0191927464693	-100	Mitsuba-Ward	Mitsuba-Pbr-AS
557	0.0919117647059	0.0909513127957	0.068275862069	0.0670310285559	-100	Mitsuba-Ward	Mitsuba-Pbr-AS
558	0.323676470588	0.28922547949	0.203448275862	0.165919766458	-100	Mitsuba-Ward	Mitsuba-Pbr-AS
559	0.352647058824	0.309587017912	0.145517241379	0.114876955652	-100	Mitsuba-Ward	Mitsuba-Pbr-AS
560	0.149852941176	0.145824129092	0.0779310344828	0.0742264623792	-100	Mitsuba-Ward	Mitsuba-Pbr-AS
561	0.178823529412	0.17210746751	0.184137931034	0.171936125028	-100	Mitsuba-Ward	Mitsuba-Pbr-AS
562	0.961029411765	0.562056291654	0.02	0.00730396281939	-100	Mitsuba-Ward	Mitsuba-Pbr-AS
563	0.642352941176	0.463436352487	0.116551724138	0.0637686832856	-100	Mitsuba-Ward	Mitsuba-Pbr-AS
564	0.903088235294	0.547700285921	0.0972413793103	0.0381148272463	-100	Mitsuba-Ward	Mitsuba-Pbr-AS
565	0.671323529412	0.47478227906	0.0586206896552	0.0308806280105	-100	Mitsuba-Ward	Mitsuba-Pbr-AS
566	0.932058823529	0.555005252227	0.106896551724	0.0404346213999	-100	Mitsuba-Ward	Mitsuba-Pbr-AS
567	0.323676470588	0.289225540411	0.135862068966	0.110800602922	-100	Mitsuba-Ward	Mitsuba-Pbr-AS
568	0.265735294118	0.245410543251	0.0875862068966	0.0758736651319	-100	Mitsuba-Ward	Mitsuba-Pbr-AS
569	0.0629411764706	0.0626322576071	0.116551724138	0.115608189684	-100	Mitsuba-Ward	Mitsuba-Pbr-AS
570	0.236764705882	0.221959247625	0.174482758621	0.155337026566	-100	Mitsuba-Ward	Mitsuba-Pbr-AS
571	0.265735294118	0.245410571926	0.02	0.0173255729597	-100	Mitsuba-Ward	Mitsuba-Pbr-AS
572	0.265735294118	0.245410582387	0.068275862069	0.0591454932743	-100	Mitsuba-Ward	Mitsuba-Pbr-AS
573	0.381617647059	0.328936353967	0.0393103448276	0.030001943071	-100	Mitsuba-Ward	Mitsuba-Pbr-AS
574	0.903088235294	0.547700390649	0.0296551724138	0.0116237960747	-100	Mitsuba-Ward	Mitsuba-Pbr-AS
575	0.0919117647059	0.0909513120409	0.0586206896552	0.0575519061151	-100	Mitsuba-Ward	Mitsuba-Pbr-AS
576	0.816176470588	0.523613425193	0.126206896552	0.0551531383286	-100	Mitsuba-Ward	Mitsuba-Pbr-AS
577	0.787205882353	0.514790721777	0.155172413793	0.0703595922879	-100	Mitsuba-Ward	Mitsuba-Pbr-AS
578	0.0629411764706	0.0626322858069	0.068275862069	0.0677231530327	-100	Mitsuba-Ward	Mitsuba-Pbr-AS
579	0.207794117647	0.197506554944	0.02	0.0182575741809	-100	Mitsuba-Ward	Mitsuba-Pbr-AS
580	0.294705882353	0.267835326902	0.126206896552	0.106171381234	-100	Mitsuba-Ward	Mitsuba-Pbr-AS
581	0.149852941176	0.145824134039	0.068275862069	0.0650304966575	-100	Mitsuba-Ward	Mitsuba-Pbr-AS
582	0.845147058824	0.532023066013	0.0779310344828	0.0328328764772	-100	Mitsuba-Ward	Mitsuba-Pbr-AS
583	0.787205882353	0.514790770309	0.164827586207	0.0747373974874	-100	Mitsuba-Ward	Mitsuba-Pbr-AS
584	0.729264705882	0.495793089945	0.0779310344828	0.0380720754755	-100	Mitsuba-Ward	Mitsuba-Pbr-AS
585	0.439558823529	0.364698289925	0.0296551724138	0.0210904421777	-100	Mitsuba-Ward	Mitsuba-Pbr-AS
586	0.642352941176	0.46343637368	0.0972413793103	0.0532033992917	-100	Mitsuba-Ward	Mitsuba-Pbr-AS
587	0.0629411764706	0.0626319618737	0.232413793103	0.230529085652	-100	Mitsuba-Ward	Mitsuba-Pbr-AS
588	0.729264705882	0.495793098834	0.145517241379	0.0710900905667	-100	Mitsuba-Ward	Mitsuba-Pbr-AS
589	0.816176470588	0.523613483017	0.068275862069	0.0298371219218	-100	Mitsuba-Ward	Mitsuba-Pbr-AS
590	0.99	0.568903506113	0.126206896552	0.0445201226317	-100	Mitsuba-Ward	Mitsuba-Pbr-AS
591	0.903088235294	0.54770027388	0.116551724138	0.0456836996494	-100	Mitsuba-Ward	Mitsuba-Pbr-AS
592	0.005	0.00548722931665	0.068275862069	0.0819947509607	-100	Mitsuba-Ward	Mitsuba-Pbr-AS
593	0.700294117647	0.485555932879	0.0972413793103	0.0493266473986	-100	Mitsuba-Ward	Mitsuba-Pbr-AS
594	0.584411764706	0.438877481719	0.0393103448276	0.0232029865026	-100	Mitsuba-Ward	Mitsuba-Pbr-AS
595	0.0339705882353	0.0339109619106	0.0779310344828	0.0778548454876	-100	Mitsuba-Ward	Mitsuba-Pbr-AS
596	0.613382352941	0.451481149428	0.174482758621	0.0991556932332	-100	Mitsuba-Ward	Mitsuba-Pbr-AS
597	0.005	0.00549762688024	0.0875862068966	0.105105355795	-100	Mitsuba-Ward	Mitsuba-Pbr-AS
598	0.410588235294	0.34729742195	0.203448275862	0.149953864419	-100	Mitsuba-Ward	Mitsuba-Pbr-AS
599	0.236764705882	0.221959242889	0.164827586207	0.1467412611	-100	Mitsuba-Ward	Mitsuba-Pbr-AS
600	0.729264705882	0.495792921049	0.0393103448276	0.0192048632469	-100	Mitsuba-Ward	Mitsuba-Pbr-AS
601	0.265735294118	0.245410559271	0.184137931034	0.159513601991	-100	Mitsuba-Ward	Mitsuba-Pbr-AS
602	0.323676470588	0.289225524144	0.02	0.0163109849876	-100	Mitsuba-Ward	Mitsuba-Pbr-AS
603	0.323676470588	0.289225485119	0.184137931034	0.150171551041	-100	Mitsuba-Ward	Mitsuba-Pbr-AS
604	0.584411764706	0.438877413054	0.068275862069	0.0402999827042	-100	Mitsuba-Ward	Mitsuba-Pbr-AS
605	0.555441176471	0.425584291937	0.126206896552	0.0773661664695	-100	Mitsuba-Ward	Mitsuba-Pbr-AS
606	0.787205882353	0.514790826295	0.106896551724	0.0484699018049	-100	Mitsuba-Ward	Mitsuba-Pbr-AS
607	0.178823529412	0.172107489387	0.193793103448	0.180951520654	-100	Mitsuba-Ward	Mitsuba-Pbr-AS
608	0.005	0.00550383075794	0.126206896552	0.150831093061	-100	Mitsuba-Ward	Mitsuba-Pbr-AS
609	0.787205882353	0.514790572048	0.0296551724138	0.0134468499385	-100	Mitsuba-Ward	Mitsuba-Pbr-AS
610	0.671323529412	0.474782274602	0.0489655172414	0.0257944115728	-100	Mitsuba-Ward	Mitsuba-Pbr-AS
611	0.642352941176	0.463436334867	0.184137931034	0.100746855885	-100	Mitsuba-Ward	Mitsuba-Pbr-AS
612	0.816176470588	0.523613250023	0.116551724138	0.0509341815595	-100	Mitsuba-Ward	Mitsuba-Pbr-AS
613	0.468529411765	0.381168615957	0.193793103448	0.132885405703	-100	Mitsuba-Ward	Mitsuba-Pbr-AS
614	0.961029411765	0.562056380027	0.164827586207	0.0601947098488	-100	Mitsuba-Ward	Mitsuba-Pbr-AS
615	0.439558823529	0.364698314581	0.0586206896552	0.0416901516656	-100	Mitsuba-Ward	Mitsuba-Pbr-AS
616	0.700294117647	0.485555942184	0.193793103448	0.0983032619056	-100	Mitsuba-Ward	Mitsuba-Pbr-AS
617	0.932058823529	0.555005308778	0.0586206896552	0.0221738515901	-100	Mitsuba-Ward	Mitsuba-Pbr-AS
618	0.526470588235	0.411558291901	0.203448275862	0.129501701749	-100	Mitsuba-Ward	Mitsuba-Pbr-AS
619	0.468529411765	0.381168619123	0.0296551724138	0.020334829802	-100	Mitsuba-Ward	Mitsuba-Pbr-AS
620	0.642352941176	0.463436267735	0.0489655172414	0.0267906321019	-100	Mitsuba-Ward	Mitsuba-Pbr-AS
621	0.700294117647	0.485555960251	0.135862068966	0.0689172438035	-100	Mitsuba-Ward	Mitsuba-Pbr-AS
622	0.729264705882	0.495793048304	0.0972413793103	0.04750581901	-100	Mitsuba-Ward	Mitsuba-Pbr-AS
623	0.642352941176	0.463436262476	0.145517241379	0.0796165413434	-100	Mitsuba-Ward	Mitsuba-Pbr-AS
624	0.294705882353	0.267835324266	0.02	0.0168250648099	-100	Mitsuba-Ward	Mitsuba-Pbr-AS
625	0.903088235294	0.547700196754	0.0779310344828	0.0305461877253	-100	Mitsuba-Ward	Mitsuba-Pbr-AS
626	0.526470588235	0.411558300374	0.22275862069	0.141793383087	-100	Mitsuba-Ward	Mitsuba-Pbr-AS
627	0.381617647059	0.328936388387	0.193793103448	0.147904084406	-100	Mitsuba-Ward	Mitsuba-Pbr-AS
628	0.4975	0.396755199206	0.106896551724	0.0706341765613	-100	Mitsuba-Ward	Mitsuba-Pbr-AS
629	0.555441176471	0.425584279568	0.106896551724	0.0655287362413	-100	Mitsuba-Ward	Mitsuba-Pbr-AS
630	0.0339705882353	0.0339119114217	0.0393103448276	0.0392726602787	-100	Mitsuba-Ward	Mitsuba-Pbr-AS
631	0.323676470588	0.289225544822	0.174482758621	0.142297224827	-100	Mitsuba-Ward	Mitsuba-Pbr-AS
632	0.236764705882	0.221959240985	0.126206896552	0.112358387032	-100	Mitsuba-Ward	Mitsuba-Pbr-AS
633	0.816176470588	0.523613276656	0.22275862069	0.0973468039675	-100	Mitsuba-Ward	Mitsuba-Pbr-AS
634	0.207794117647	0.197506544495	0.155172413793	0.141653378759	-100	Mitsuba-Ward	Mitsuba-Pbr-AS
635	0.874117647059	0.540044462148	0.155172413793	0.0630465153519	-100	Mitsuba-Ward	Mitsuba-Pbr-AS
636	0.0339705882353	0.0339117600137	0.184137931034	0.183960817212	-100	Mitsuba-Ward	Mitsuba-Pbr-AS
637	0.323676470588	0.289225541018	0.145517241379	0.118674759631	-100	Mitsuba-Ward	Mitsuba-Pbr-AS
638	0.642352941176	0.463436350835	0.135862068966	0.0743338306559	-100	Mitsuba-Ward	Mitsuba-Pbr-AS
639	0.729264705882	0.495792916072	0.106896551724	0.0522229767995	-100	Mitsuba-Ward	Mitsuba-Pbr-AS
640	0.178823529412	0.172107467772	0.126206896552	0.117843888184	-100	Mitsuba-Ward	Mitsuba-Pbr-AS
641	0.555441176471	0.425584274424	0.203448275862	0.124715962947	-100	Mitsuba-Ward	Mitsuba-Pbr-AS
642	0.236764705882	0.221959232169	0.0972413793103	0.0865712168753	-100	Mitsuba-Ward	Mitsuba-Pbr-AS
643	0.439558823529	0.364698323157	0.203448275862	0.14468864982	-100	Mitsuba-Ward	Mitsuba-Pbr-AS
644	0.758235294118	0.505527193354	0.02	0.00941220722921	-100	Mitsuba-Ward	Mitsuba-Pbr-AS
645	0.816176470588	0.523613251999	0.135862068966	0.0593726287926	-100	Mitsuba-Ward	Mitsuba-Pbr-AS
646	0.468529411765	0.381168622142	0.22275862069	0.152747276584	-100	Mitsuba-Ward	Mitsuba-Pbr-AS
647	0.207794117647	0.197506550587	0.068275862069	0.0623274728695	-100	Mitsuba-Ward	Mitsuba-Pbr-AS
648	0.236764705882	0.221959258313	0.155172413793	0.138145535367	-100	Mitsuba-Ward	Mitsuba-Pbr-AS
649	0.236764705882	0.221959242829	0.106896551724	0.0951670103784	-100	Mitsuba-Ward	Mitsuba-Pbr-AS
650	0.178823529412	0.172107465585	0.068275862069	0.0637515936871	-100	Mitsuba-Ward	Mitsuba-Pbr-AS
651	0.149852941176	0.145824070372	0.0875862068966	0.0834227236907	-100	Mitsuba-Ward	Mitsuba-Pbr-AS
652	0.903088235294	0.547700197082	0.0875862068966	0.0343304515873	-100	Mitsuba-Ward	Mitsuba-Pbr-AS
653	0.526470588235	0.411558351433	0.0489655172414	0.0311682136477	-100	Mitsuba-Ward	Mitsuba-Pbr-AS
654	0.961029411765	0.562056290463	0.106896551724	0.0390384040939	-100	Mitsuba-Ward	Mitsuba-Pbr-AS
655	0.236764705882	0.221959242008	0.203448275862	0.181124162663	-100	Mitsuba-Ward	Mitsuba-Pbr-AS
656	0.526470588235	0.411558348295	0.164827586207	0.104918324432	-100	Mitsuba-Ward	Mitsuba-Pbr-AS
657	0.207794117647	0.197506543377	0.232413793103	0.212165271521	-100	Mitsuba-Ward	Mitsuba-Pbr-AS
658	0.700294117647	0.485556023615	0.116551724138	0.0591219146663	-100	Mitsuba-Ward	Mitsuba-Pbr-AS
659	0.294705882353	0.267835275746	0.106896551724	0.0899268709665	-100	Mitsuba-Ward	Mitsuba-Pbr-AS
660	0.526470588235	0.411558312942	0.193793103448	0.123355858024	-100	Mitsuba-Ward	Mitsuba-Pbr-AS
661	0.961029411765	0.562056290322	0.174482758621	0.0637207706497	-100	Mitsuba-Ward	Mitsuba-Pbr-AS
662	0.700294117647	0.485555977256	0.22275862069	0.112996249401	-100	Mitsuba-Ward	Mitsuba-Pbr-AS
663	0.468529411765	0.381168622365	0.232413793103	0.159367914474	-100	Mitsuba-Ward	Mitsuba-Pbr-AS
664	0.874117647059	0.540044364767	0.232413793103	0.0944295677304	-100	Mitsuba-Ward	Mitsuba-Pbr-AS
665	0.410588235294	0.347297387417	0.145517241379	0.107255221678	-100	Mitsuba-Ward	Mitsuba-Pbr-AS
666	0.120882352941	0.118732960943	0.0296551724138	0.0287241918701	-100	Mitsuba-Ward	Mitsuba-Pbr-AS
667	0.265735294118	0.24541057248	0.193793103448	0.167877606051	-100	Mitsuba-Ward	Mitsuba-Pbr-AS
668	0.468529411765	0.381168622621	0.068275862069	0.046817365979	-100	Mitsuba-Ward	Mitsuba-Pbr-AS
669	0.787205882353	0.51479080629	0.0489655172414	0.0222026367585	-100	Mitsuba-Ward	Mitsuba-Pbr-AS
670	0.410588235294	0.347297325804	0.0296551724138	0.0218581612032	-100	Mitsuba-Ward	Mitsuba-Pbr-AS
671	0.555441176471	0.425584303797	0.145517241379	0.0892036253154	-100	Mitsuba-Ward	Mitsuba-Pbr-AS
672	0.410588235294	0.34729742318	0.0779310344828	0.0574400099292	-100	Mitsuba-Ward	Mitsuba-Pbr-AS
673	0.381617647059	0.328936374983	0.068275862069	0.0521085577893	-100	Mitsuba-Ward	Mitsuba-Pbr-AS
674	0.468529411765	0.381168616877	0.0586206896552	0.0401966578094	-100	Mitsuba-Ward	Mitsuba-Pbr-AS
675	0.671323529412	0.474782219629	0.174482758621	0.0919152018766	-100	Mitsuba-Ward	Mitsuba-Pbr-AS
676	0.323676470588	0.28922548276	0.155172413793	0.126549162431	-100	Mitsuba-Ward	Mitsuba-Pbr-AS
677	0.294705882353	0.267835289117	0.0489655172414	0.0411924636556	-100	Mitsuba-Ward	Mitsuba-Pbr-AS
678	0.787205882353	0.514790592632	0.02	0.00906883263599	-100	Mitsuba-Ward	Mitsuba-Pbr-AS
679	0.613382352941	0.451481125987	0.193793103448	0.110129433145	-100	Mitsuba-Ward	Mitsuba-Pbr-AS
680	0.236764705882	0.221959240769	0.068275862069	0.0607840372163	-100	Mitsuba-Ward	Mitsuba-Pbr-AS
681	0.700294117647	0.485556018371	0.106896551724	0.0542242129723	-100	Mitsuba-Ward	Mitsuba-Pbr-AS
682	0.236764705882	0.221959236739	0.184137931034	0.163932716568	-100	Mitsuba-Ward	Mitsuba-Pbr-AS
683	0.0919117647059	0.0909512111634	0.193793103448	0.190258827979	-100	Mitsuba-Ward	Mitsuba-Pbr-AS
684	0.642352941176	0.463436364259	0.068275862069	0.0373555807585	-100	Mitsuba-Ward	Mitsuba-Pbr-AS
685	0.207794117647	0.197506549285	0.0586206896552	0.0535134890498	-100	Mitsuba-Ward	Mitsuba-Pbr-AS
686	0.961029411765	0.562056333345	0.232413793103	0.084877055079	-100	Mitsuba-Ward	Mitsuba-Pbr-AS
687	0.323676470588	0.289225478114	0.0972413793103	0.0793043651022	-100	Mitsuba-Ward	Mitsuba-Pbr-AS
688	0.352647058824	0.309587069899	0.193793103448	0.152987480107	-100	Mitsuba-Ward	Mitsuba-Pbr-AS
689	0.439558823529	0.364698294978	0.155172413793	0.110355718533	-100	Mitsuba-Ward	Mitsuba-Pbr-AS
690	0.903088235294	0.547700148179	0.184137931034	0.0721748275159	-100	Mitsuba-Ward	Mitsuba-Pbr-AS
691	0.0629411764706	0.0626324826719	0.203448275862	0.201798604595	-100	Mitsuba-Ward	Mitsuba-Pbr-AS
692	0.178823529412	0.172107495503	0.106896551724	0.0998131071121	-100	Mitsuba-Ward	Mitsuba-Pbr-AS
693	0.294705882353	0.26783528028	0.193793103448	0.163028357093	-100	Mitsuba-Ward	Mitsuba-Pbr-AS
694	0.236764705882	0.221959236942	0.145517241379	0.129549828959	-100	Mitsuba-Ward	Mitsuba-Pbr-AS
695	0.729264705882	0.495793074462	0.174482758621	0.0852407438322	-100	Mitsuba-Ward	Mitsuba-Pbr-AS
696	0.005	0.0054864316829	0.155172413793	0.184568010317	-100	Mitsuba-Ward	Mitsuba-Pbr-AS
697	0.874117647059	0.540044458134	0.174482758621	0.0708922815974	-100	Mitsuba-Ward	Mitsuba-Pbr-AS
698	0.555441176471	0.425584244664	0.068275862069	0.0418539073727	-100	Mitsuba-Ward	Mitsuba-Pbr-AS
699	0.555441176471	0.425584288163	0.02	0.0122602119341	-100	Mitsuba-Ward	Mitsuba-Pbr-AS
700	0.758235294118	0.505527299218	0.106896551724	0.0503053797763	-100	Mitsuba-Ward	Mitsuba-Pbr-AS
701	0.005	0.00545951061481	0.184137931034	0.218066123185	-100	Mitsuba-Ward	Mitsuba-Pbr-AS
702	0.381617647059	0.328936355823	0.174482758621	0.133166330144	-100	Mitsuba-Ward	Mitsuba-Pbr-AS
703	0.874117647059	0.540044609065	0.02	0.00812616740248	-100	Mitsuba-Ward	Mitsuba-Pbr-AS
704	0.120882352941	0.118733179496	0.135862068966	0.131594180895	-100	Mitsuba-Ward	Mitsuba-Pbr-AS
705	0.265735294118	0.245410577697	0.106896551724	0.0926015074874	-100	Mitsuba-Ward	Mitsuba-Pbr-AS
706	0.526470588235	0.411558352471	0.184137931034	0.117209998164	-100	Mitsuba-Ward	Mitsuba-Pbr-AS
707	0.120882352941	0.118733156859	0.116551724138	0.112890981641	-100	Mitsuba-Ward	Mitsuba-Pbr-AS
708	0.932058823529	0.555005477723	0.02	0.0075652409574	-100	Mitsuba-Ward	Mitsuba-Pbr-AS
709	0.787205882353	0.514790579017	0.068275862069	0.0309586630381	-100	Mitsuba-Ward	Mitsuba-Pbr-AS
710	0.729264705882	0.495793035244	0.203448275862	0.0993913666435	-100	Mitsuba-Ward	Mitsuba-Pbr-AS
711	0.584411764706	0.438877460634	0.145517241379	0.0858916265063	-100	Mitsuba-Ward	Mitsuba-Pbr-AS
712	0.961029411765	0.562056277466	0.0489655172414	0.017882126441	-100	Mitsuba-Ward	Mitsuba-Pbr-AS
713	0.381617647059	0.328936360758	0.116551724138	0.0889531023353	-100	Mitsuba-Ward	Mitsuba-Pbr-AS
714	0.700294117647	0.485555942495	0.155172413793	0.0787126260413	-100	Mitsuba-Ward	Mitsuba-Pbr-AS
715	0.526470588235	0.41155830058	0.0586206896552	0.0373140508595	-100	Mitsuba-Ward	Mitsuba-Pbr-AS
716	0.932058823529	0.555005134707	0.174482758621	0.0659996771048	-100	Mitsuba-Ward	Mitsuba-Pbr-AS
717	0.671323529412	0.474782244378	0.0779310344828	0.0410531089362	-100	Mitsuba-Ward	Mitsuba-Pbr-AS
718	0.439558823529	0.364698320407	0.0972413793103	0.0691562608208	-100	Mitsuba-Ward	Mitsuba-Pbr-AS
719	0.265735294118	0.24541055513	0.0586206896552	0.0507815887557	-100	Mitsuba-Ward	Mitsuba-Pbr-AS
720	0.352647058824	0.309587020102	0.106896551724	0.0843884126223	-100	Mitsuba-Ward	Mitsuba-Pbr-AS
